lag_bp	CHM13_REP2	CHM13_REP1	HG002_T2T	RPE1_CENPA	RPE1_CENPB
1	3941	2742	4760	2114	0
2	14527	10281	14031	6037	0
3	3486	3203	4535	2052	0
4	11409	8396	13704	6086	0
5	3290	2526	4579	1968	0
6	7484	5731	12869	5463	0
7	1847	1594	4144	1743	0
8	6414	5227	12305	4983	0
9	1889	1342	3989	1698	0
10	5320	4580	11995	4865	0
11	1093	1146	3949	1549	0
12	4334	3722	11256	4579	0
13	1160	1092	3711	1396	0
14	2393	2135	10746	4276	0
15	577	675	3332	1404	0
16	1476	1652	10082	4230	0
17	364	497	3311	1342	0
18	1112	1382	9701	4035	0
19	356	409	3302	1406	0
20	921	1228	9496	4139	0
21	291	341	3119	1359	0
22	746	947	9254	3884	0
23	270	320	3008	1311	0
24	758	955	8632	4009	0
25	248	302	2803	1291	0
26	702	924	8841	3807	0
27	216	318	2868	1296	0
28	737	880	8398	3885	0
29	249	290	2684	1231	0
30	712	754	8001	3734	0
31	219	244	2687	1230	0
32	645	764	7834	3580	0
33	231	241	2608	1219	0
34	616	735	7656	3498	0
35	214	215	2444	1183	0
36	599	680	7510	3422	0
37	202	228	2457	1178	0
38	603	690	7176	3478	0
39	227	239	2439	1215	0
40	517	687	7299	3275	0
41	171	220	2371	1076	0
42	507	610	7146	3125	0
43	174	200	2322	1062	0
44	542	573	7130	2971	0
45	163	162	2332	944	0
46	521	557	6616	2841	0
47	171	168	2278	955	0
48	488	524	6608	2796	0
49	183	172	2228	894	0
50	433	564	6258	2605	0
51	146	170	2101	896	0
52	408	538	6130	2696	0
53	140	157	2101	944	0
54	397	458	6133	2643	0
55	134	148	2130	923	0
56	341	451	5984	2793	0
57	104	130	1951	919	0
58	325	447	5783	2804	0
59	103	110	1955	941	0
60	328	382	5574	2658	0
61	122	122	1836	902	0
62	296	388	5434	2733	0
63	102	131	1741	881	0
64	299	342	5366	2559	0
65	105	108	1662	877	0
66	273	354	5356	2601	0
67	90	105	1778	851	0
68	265	330	5233	2506	0
69	77	116	1686	825	0
70	246	330	5287	2488	0
71	101	129	1701	787	0
72	277	317	5077	2380	0
73	90	104	1620	863	0
74	226	330	5131	2569	0
75	78	132	1643	872	0
76	205	315	5026	2525	0
77	73	101	1662	853	0
78	245	329	4967	2677	0
79	68	100	1620	830	0
80	220	283	5013	2574	0
81	64	113	1714	866	0
82	220	270	5339	2572	0
83	92	90	1643	899	0
84	199	314	5255	2503	0
85	70	116	1772	908	0
86	209	332	5242	2650	0
87	71	133	1827	910	0
88	216	307	5432	2591	0
89	64	94	1893	874	0
90	253	319	5323	2688	0
91	82	108	1923	853	0
92	271	335	5430	2563	0
93	97	114	1890	873	0
94	245	357	5525	2588	0
95	74	99	1856	847	0
96	239	366	5618	2612	0
97	74	101	1896	881	0
98	236	343	5727	2508	0
99	86	109	1990	839	0
100	239	356	5695	2487	0
101	96	113	1862	808	0
102	275	332	5839	2400	0
103	99	111	1933	815	0
104	314	360	5765	2339	0
105	98	126	1863	789	0
106	309	415	5672	2386	0
107	113	116	2052	759	0
108	274	403	6263	2393	0
109	112	126	1970	805	0
110	289	396	6209	2415	0
111	102	143	2052	806	0
112	276	450	6098	2597	0
113	82	131	1983	827	0
114	240	368	5690	2503	0
115	88	135	1918	836	0
116	213	399	5589	2446	0
117	81	129	1818	833	0
118	243	420	5212	2288	0
119	74	125	1773	764	0
120	260	394	5101	2295	0
121	97	120	1629	840	0
122	299	396	4967	2065	0
123	99	144	1525	630	0
124	349	414	4866	2072	0
125	131	126	1646	623	0
126	334	402	4908	1995	0
127	111	143	1570	613	0
128	375	491	4858	1928	0
129	117	156	1663	649	0
130	447	468	4867	1994	0
131	133	162	1682	619	0
132	457	531	4761	1938	0
133	153	167	1641	722	0
134	441	590	4951	1969	0
135	151	189	1817	678	0
136	506	631	5367	2135	0
137	189	214	1860	663	0
138	560	649	5501	1900	0
139	166	222	1714	699	0
140	598	719	5335	2043	0
141	204	240	1715	668	0
142	638	826	5164	1734	0
143	222	261	1831	626	0
144	567	863	5005	1856	0
145	188	315	1657	615	0
146	654	955	4985	1766	0
147	239	310	1652	575	0
148	567	865	5202	1819	0
149	200	293	1670	645	0
150	624	903	4804	1942	0
151	237	284	1635	643	0
152	631	885	4904	1821	0
153	208	287	1559	701	0
154	647	807	4603	1967	0
155	210	300	1602	587	0
156	688	775	4597	1800	0
157	241	245	1464	564	0
158	710	793	4248	1743	0
159	216	268	1440	557	0
160	655	738	4121	1656	0
161	194	232	1225	481	0
162	606	703	3656	1397	0
163	206	206	1165	454	0
164	636	650	3407	1247	0
165	226	232	1064	447	0
166	675	645	3083	1111	0
167	196	203	984	332	0
168	681	718	2730	975	0
169	242	231	925	312	0
170	721	679	2493	914	0
171	251	234	777	283	0
172	713	683	2274	790	0
173	224	208	751	306	0
174	620	636	2055	778	0
175	205	192	606	253	0
176	647	556	1773	657	0
177	198	215	494	241	0
178	631	596	1617	669	0
179	188	170	490	211	0
180	572	583	1391	571	0
181	176	188	424	173	0
182	602	529	1256	471	0
183	196	194	356	152	0
184	607	547	1106	408	0
185	162	162	341	132	0
186	532	535	967	379	0
187	192	196	325	126	0
188	565	538	821	389	0
189	179	192	252	112	0
190	577	529	818	288	0
191	164	168	221	95	0
192	575	553	687	273	0
193	191	176	238	84	0
194	535	507	704	283	0
195	175	153	208	100	0
196	515	488	636	265	0
197	163	180	211	94	0
198	465	497	696	265	0
199	186	148	251	79	0
200	506	424	711	234	0
201	158	146	222	66	0
202	495	432	627	260	0
203	159	132	221	71	0
204	438	389	681	229	0
205	144	140	238	82	0
206	414	414	587	257	0
207	126	142	225	97	0
208	330	367	633	213	0
209	110	106	196	49	0
210	328	356	585	164	0
211	110	106	184	57	0
212	349	296	482	213	0
213	98	96	145	63	0
214	332	282	358	144	0
215	77	93	128	44	0
216	290	289	370	162	0
217	90	79	116	49	0
218	225	264	398	173	0
219	86	77	88	55	0
220	234	268	303	109	0
221	76	89	99	53	0
222	223	261	281	134	0
223	70	96	92	32	0
224	218	248	179	119	0
225	60	96	77	44	0
226	228	254	175	126	0
227	71	81	56	40	0
228	217	232	200	105	0
229	70	82	57	40	0
230	234	260	160	102	0
231	64	88	54	44	0
232	258	251	164	132	0
233	83	79	59	33	0
234	222	248	133	111	0
235	71	87	50	37	0
236	216	236	136	131	0
237	78	81	41	39	0
238	199	246	113	109	0
239	76	74	38	34	0
240	238	213	139	110	0
241	62	79	57	45	0
242	204	223	115	98	0
243	69	69	26	40	0
244	178	238	131	91	0
245	52	76	40	33	0
246	220	241	132	94	0
247	70	78	43	42	0
248	210	234	111	103	0
249	69	69	41	30	0
250	189	198	122	114	0
251	60	75	36	38	0
252	180	213	117	111	0
253	68	67	40	36	0
254	157	207	110	114	0
255	65	70	36	52	0
256	169	227	120	111	0
257	61	88	36	35	0
258	146	195	122	91	0
259	52	71	37	42	0
260	157	244	104	115	0
261	44	70	59	41	0
262	167	215	117	101	0
263	47	72	36	31	0
264	149	233	123	111	0
265	63	72	28	35	0
266	173	220	107	91	0
267	62	77	47	33	0
268	155	217	105	111	0
269	55	76	38	37	0
270	181	206	126	110	0
271	60	72	31	38	0
272	174	236	118	107	0
273	49	90	48	37	0
274	184	208	111	112	0
275	61	75	39	37	0
276	197	229	121	100	0
277	62	83	32	31	0
278	186	249	113	106	0
279	55	86	34	37	0
280	232	234	92	96	0
281	63	75	19	35	0
282	216	258	117	95	0
283	71	79	36	32	0
284	231	256	102	97	0
285	72	84	38	34	0
286	251	254	116	125	0
287	108	96	36	34	0
288	275	293	112	106	0
289	90	84	60	37	0
290	294	328	115	99	0
291	102	77	56	30	0
292	278	321	132	106	0
293	114	109	37	41	0
294	324	307	117	107	0
295	115	104	37	24	0
296	332	350	103	110	0
297	123	102	31	29	0
298	342	306	105	106	0
299	92	113	41	38	0
300	356	336	121	79	0
301	118	136	52	30	0
302	355	370	124	117	0
303	130	116	49	30	0
304	348	344	107	116	0
305	126	112	34	28	0
306	425	336	115	96	0
307	117	138	38	34	0
308	412	408	119	94	0
309	140	122	30	41	0
310	452	359	112	97	0
311	130	142	40	31	0
312	397	391	125	123	0
313	148	147	44	31	0
314	450	347	129	100	0
315	174	137	35	30	0
316	458	413	118	104	0
317	149	130	32	32	0
318	432	386	118	107	0
319	146	153	33	25	0
320	441	447	140	100	0
321	171	161	60	28	0
322	497	497	103	85	0
323	175	156	37	28	0
324	477	493	119	107	0
325	167	148	36	34	0
326	578	492	125	96	0
327	213	187	39	40	0
328	556	508	142	95	0
329	198	182	50	28	0
330	627	554	112	106	0
331	204	186	36	32	0
332	668	572	100	89	0
333	223	193	32	34	0
334	665	662	116	93	0
335	210	222	36	35	0
336	704	622	117	114	0
337	239	210	43	38	0
338	840	631	136	92	0
339	282	244	30	37	0
340	844	779	119	89	0
341	300	226	29	45	0
342	730	651	106	109	0
343	243	207	39	38	0
344	697	610	116	102	0
345	221	196	34	31	0
346	655	541	99	104	0
347	202	155	32	33	0
348	612	556	124	112	0
349	182	182	37	37	0
350	617	547	133	91	0
351	175	163	34	37	0
352	533	528	107	94	0
353	181	167	34	33	0
354	532	456	123	120	0
355	158	157	29	35	0
356	442	402	124	122	0
357	157	138	43	40	0
358	433	435	109	93	0
359	144	139	40	38	0
360	431	404	104	91	0
361	162	132	30	25	0
362	415	413	110	111	0
363	144	144	43	47	0
364	418	384	119	93	0
365	147	178	30	40	0
366	417	387	145	91	0
367	133	147	37	34	0
368	394	358	91	95	0
369	154	114	47	42	0
370	410	417	109	116	0
371	142	105	52	35	0
372	396	412	126	90	0
373	134	112	46	49	0
374	368	334	133	107	0
375	144	118	40	29	0
376	380	334	138	94	0
377	112	111	30	34	0
378	341	286	130	91	0
379	100	110	36	27	0
380	297	351	127	96	0
381	117	105	37	36	0
382	376	296	136	87	0
383	98	118	35	47	0
384	322	314	110	93	0
385	115	110	49	35	0
386	326	278	112	106	0
387	117	107	49	32	0
388	316	263	110	81	0
389	100	79	37	39	0
390	262	275	98	102	0
391	102	87	43	41	0
392	285	274	119	105	0
393	88	86	36	23	0
394	267	234	116	100	0
395	91	68	33	48	0
396	256	247	121	97	0
397	70	73	40	24	0
398	222	211	120	94	0
399	53	72	52	35	0
400	234	222	111	102	0
401	72	93	40	44	0
402	212	181	121	88	0
403	46	73	31	28	0
404	214	213	118	102	0
405	68	57	36	18	0
406	205	231	103	93	0
407	70	83	42	31	0
408	209	213	143	103	0
409	50	69	45	24	0
410	165	211	108	101	0
411	46	60	36	32	0
412	166	212	133	81	0
413	51	60	42	41	0
414	152	187	118	79	0
415	55	70	39	23	0
416	163	252	111	93	0
417	51	73	43	34	0
418	171	196	109	88	0
419	61	89	37	31	0
420	177	192	117	93	0
421	87	66	28	24	0
422	150	207	118	96	0
423	44	65	48	28	0
424	187	203	120	83	0
425	55	73	32	28	0
426	150	195	104	95	0
427	57	69	43	36	0
428	159	219	114	72	0
429	60	62	42	35	0
430	179	174	113	84	0
431	58	72	37	29	0
432	190	211	116	77	0
433	61	66	24	30	0
434	170	236	124	105	0
435	77	66	37	34	0
436	186	215	97	74	0
437	62	63	36	26	0
438	187	227	99	100	0
439	60	71	29	29	0
440	210	207	113	74	0
441	71	71	43	22	0
442	206	204	90	89	0
443	68	75	29	28	0
444	220	250	108	81	0
445	72	81	19	34	0
446	205	238	96	93	0
447	65	83	38	34	0
448	192	246	109	102	0
449	66	94	22	34	0
450	234	251	81	109	0
451	81	81	32	29	0
452	228	230	93	87	0
453	77	64	27	32	0
454	223	282	94	79	0
455	68	76	30	42	0
456	217	243	104	83	0
457	84	90	29	39	0
458	196	256	80	98	0
459	71	101	27	30	0
460	289	236	89	86	0
461	74	103	40	40	0
462	261	256	90	77	0
463	79	86	37	37	0
464	260	247	100	109	0
465	97	102	40	25	0
466	276	276	92	91	0
467	129	106	28	31	0
468	347	295	111	89	0
469	93	111	21	36	0
470	310	327	94	88	0
471	121	102	37	26	0
472	359	325	113	100	0
473	162	128	27	27	0
474	417	372	100	78	0
475	127	143	35	32	0
476	421	383	99	84	0
477	135	129	28	31	0
478	468	382	82	81	0
479	170	134	23	27	0
480	459	422	76	76	0
481	150	165	28	21	0
482	469	464	93	90	0
483	191	133	33	22	0
484	494	462	109	97	0
485	161	133	32	29	0
486	541	482	100	89	0
487	196	143	23	31	0
488	521	497	94	110	0
489	139	142	25	23	0
490	560	474	72	103	0
491	164	177	28	26	0
492	489	489	95	70	0
493	170	168	39	25	0
494	530	439	111	74	0
495	197	134	32	34	0
496	512	426	104	87	0
497	177	159	33	24	0
498	549	468	109	80	0
499	175	168	30	32	0
500	521	449	80	84	0
501	154	154	23	30	0
502	574	469	104	94	0
503	175	182	33	31	0
504	530	463	120	69	0
505	223	161	32	26	0
506	561	451	59	96	0
507	196	130	36	29	0
508	597	483	102	85	0
509	205	153	37	27	0
510	574	461	88	93	0
511	222	145	39	34	0
512	624	485	96	82	0
513	202	153	38	29	0
514	567	482	106	99	0
515	204	158	29	18	0
516	560	428	100	87	0
517	219	145	31	29	0
518	626	497	123	94	0
519	165	171	33	40	0
520	578	408	95	85	0
521	184	184	42	38	0
522	543	521	111	96	0
523	179	160	41	43	0
524	612	462	99	95	0
525	166	187	39	41	0
526	551	468	94	104	0
527	163	176	36	41	0
528	511	458	98	107	0
529	200	167	35	23	0
530	499	484	101	95	0
531	176	184	33	35	0
532	536	486	123	110	0
533	153	158	26	33	0
534	485	500	115	95	0
535	172	143	36	21	0
536	489	406	111	105	0
537	177	149	36	35	0
538	484	416	145	96	0
539	144	126	36	31	0
540	495	429	107	83	0
541	136	119	36	26	0
542	421	390	91	95	0
543	149	116	35	27	0
544	436	379	115	77	0
545	175	110	42	40	0
546	428	331	92	106	0
547	146	113	39	23	0
548	409	336	104	97	0
549	115	94	27	35	0
550	314	296	112	77	0
551	108	99	32	17	0
552	332	293	120	94	0
553	85	87	28	26	0
554	286	281	100	96	0
555	93	86	34	24	0
556	250	256	109	83	0
557	72	82	52	35	0
558	200	243	110	103	0
559	83	78	27	34	0
560	213	251	120	85	0
561	78	74	36	28	0
562	197	225	117	99	0
563	87	82	39	34	0
564	188	237	114	97	0
565	78	80	26	35	0
566	216	246	105	99	0
567	72	67	28	30	0
568	219	243	103	109	0
569	79	73	32	28	0
570	214	222	123	92	0
571	71	85	37	26	0
572	189	195	101	80	0
573	81	80	32	21	0
574	203	228	112	102	0
575	70	70	33	40	0
576	199	240	110	93	0
577	80	64	36	27	0
578	209	211	128	97	0
579	56	68	25	22	0
580	196	203	86	94	0
581	71	75	26	22	0
582	174	203	100	86	0
583	77	52	31	33	0
584	188	214	106	103	0
585	68	80	28	36	0
586	173	232	105	88	0
587	59	70	29	37	0
588	178	183	106	91	0
589	78	64	42	30	0
590	193	168	104	103	0
591	77	64	30	30	0
592	171	204	94	81	0
593	57	78	40	20	0
594	168	193	116	93	0
595	61	62	32	29	0
596	162	220	93	110	0
597	50	73	23	18	0
598	144	170	117	76	0
599	67	54	41	25	0
600	128	127	62	63	0
