sample_id	cell_line	condition	n_alpha_reads	core_mode_bp	core_mean_bp	ci95_low	ci95_high	core_median_bp	core_std_bp	pct_open_core_115_135	pct_canonical_145_155	n_cenpb_dyads	pct_dyad_peak1_55bp	pct_dyad_peak2_95bp
NChIP_0mM	HT1080	0 mM NaCl	18331	127	132.86	132.43	133.29	129.0	29.48	34.21	11.85	8777	3.13	13.39
NChIP_150mM	HT1080	150 mM NaCl	9758	162	153.45	152.74	154.13	154.0	34.23	16.38	13.75	3318	3.29	17.06
NChIP_300mM	HT1080	300 mM NaCl	11470	168	165.45	164.85	166.05	168.0	33.53	9.01	8.74	3283	7.04	9.5
NChIP_500mM	HT1080	500 mM NaCl	9419	219	172.18	171.51	172.85	178.0	32.94	7.47	7.56	2088	6.94	9.77
NChIP_Input	HT1080	Input Chromatin	3414	153	161.91	161.09	162.73	163.0	24.7	3.02	22.06	602	2.16	3.82
CUTnSalt_hi	K562	High-salt Soluble	4787	158	152.02	150.84	153.13	155.0	38.93	15.06	9.05	1108	5.42	8.48
CUTnSalt_lo	K562	Low-salt Soluble	8980	162	165.94	165.17	166.73	172.0	37.05	5.96	7.43	1583	4.17	8.02
CUTnSalt_pe	K562	Insoluble Pellet	8367	170	162.0	161.18	162.73	168.0	35.52	9.76	8.16	1718	3.61	10.77
HG002_CUTnRUN	HG002	CUT&RUN standard	8171	60	116.9	115.98	117.79	111.0	43.95	15.74	5.02	912	5.37	5.48
