dyad_distance_bp	unpeeled_bp	helical_angle_rad	steric_clashes	accessibility_prob
0	0	0.0	0	1.0
0	2	0.0	0	0.697676326071031
0	4	0.0	0	0.4867522559599717
0	6	0.0	0	0.3395955256449391
0	8	0.0	0	0.23692775868212176
0	10	0.0	0	0.16529888822158656
0	12	0.0	0	0.11532512103806251
0	14	0.0	0	0.08045960674953243
0	16	0.0	0	0.056134762834133725
0	18	0.0	0	0.03916389509898708
0	20	0.0	0	0.02732372244729257
0	22	0.0	0	0.019063114291611637
0	24	0.0	0	0.013299883542443767
1	0	0.6159985595274104	0	1.0
1	2	0.6159985595274104	0	0.697676326071031
1	4	0.6159985595274104	0	0.4867522559599717
1	6	0.6159985595274104	0	0.3395955256449391
1	8	0.6159985595274104	0	0.23692775868212176
1	10	0.6159985595274104	0	0.16529888822158656
1	12	0.6159985595274104	0	0.11532512103806251
1	14	0.6159985595274104	0	0.08045960674953243
1	16	0.6159985595274104	0	0.056134762834133725
1	18	0.6159985595274104	0	0.03916389509898708
1	20	0.6159985595274104	0	0.02732372244729257
1	22	0.6159985595274104	0	0.019063114291611637
1	24	0.6159985595274104	0	0.013299883542443767
2	0	1.231997119054821	2	0.8948393168143698
2	2	1.231997119054821	2	0.624308206978961
2	4	1.231997119054821	2	0.43556505618107433
2	6	1.231997119054821	2	0.3038834281613341
2	8	1.231997119054821	2	0.2120122737134697
2	10	1.231997119054821	2	0.1479159442063794
2	12	1.231997119054821	2	0.10319745252123437
2	14	1.231997119054821	2	0.07199841953490445
2	16	1.231997119054821	2	0.050231592824032896
2	18	1.231997119054821	2	0.03504539313416724
2	20	1.231997119054821	2	0.024450341127560744
2	22	1.231997119054821	2	0.017058424169060005
2	24	1.231997119054821	2	0.01190125870283106
3	0	1.8479956785822313	34	0.15123975969049577
3	2	1.8479956785822313	34	0.1055163998967307
3	4	1.8479956785822313	34	0.07361629422019281
3	6	1.8479956785822313	34	0.05136034569050819
3	8	1.8479956785822313	34	0.03583289728709187
3	10	1.8479956785822313	34	0.024999764131738874
3	12	1.8479956785822313	34	0.017441743592073913
3	14	1.8479956785822313	34	0.012168691589591076
3	16	1.8479956785822313	34	0.008489808041317357
3	18	1.8479956785822313	34	0.005923138083314591
3	20	1.8479956785822313	34	0.004132433216778334
3	22	1.8479956785822313	34	0.0028831008244157995
3	24	1.8479956785822313	34	0.002011471190870775
4	0	2.463994238109642	0	1.0
4	2	2.463994238109642	0	0.697676326071031
4	4	2.463994238109642	0	0.4867522559599717
4	6	2.463994238109642	0	0.3395955256449391
4	8	2.463994238109642	0	0.23692775868212176
4	10	2.463994238109642	0	0.16529888822158656
4	12	2.463994238109642	0	0.11532512103806251
4	14	2.463994238109642	0	0.08045960674953243
4	16	2.463994238109642	0	0.056134762834133725
4	18	2.463994238109642	0	0.03916389509898708
4	20	2.463994238109642	0	0.02732372244729257
4	22	2.463994238109642	0	0.019063114291611637
4	24	2.463994238109642	0	0.013299883542443767
5	0	3.0799927976370522	1	0.9459594689067654
5	2	3.0799927976370522	1	0.6599735268789758
5	4	3.0799927976370522	1	0.46044790553706477
5	6	3.0799927976370522	1	0.32124360308220046
5	8	3.0799927976370522	1	0.22412405677221017
5	10	3.0799927976370522	1	0.1563660485129708
5	12	3.0799927976370522	1	0.10909289024877405
5	14	3.0799927976370522	1	0.07611152686923489
5	16	3.0799927976370522	1	0.053101210437784374
5	18	3.0799927976370522	1	0.03704745740815809
5	20	3.0799927976370522	1	0.025847133974796745
5	22	3.0799927976370522	1	0.018032933471001912
5	24	3.0799927976370522	1	0.012581150772331936
6	0	3.6959913571644627	509	5.237416964791455e-13
6	2	3.6959913571644627	509	3.654021826097793e-13
6	4	3.6959913571644627	509	2.5493245230152686e-13
6	6	3.6959913571644627	509	1.778603367180076e-13
6	8	3.6959913571644627	509	1.2408894627517604e-13
6	10	3.6959913571644627	509	8.657392014329039e-14
6	12	3.6959913571644627	509	6.040057453913766e-14
6	14	3.6959913571644627	509	4.214005093704502e-14
6	16	3.6959913571644627	509	2.9400115918203686e-14
6	18	3.6959913571644627	509	2.0511764859874786e-14
6	20	3.6959913571644627	509	1.4310572748670322e-14
6	22	3.6959913571644627	509	9.984147819264523e-15
6	24	3.6959913571644627	509	6.965703569494566e-15
7	0	4.311989916691873	423	6.224144622907783e-11
7	2	4.311989916691873	423	4.342438353445065e-11
7	4	4.311989916691873	423	3.0296164366214904e-11
7	6	4.311989916691873	423	2.1136916649064898e-11
7	8	4.311989916691873	423	1.4746726352189207e-11
7	10	4.311989916691873	423	1.0288441862970226e-11
7	12	4.311989916691873	423	7.17800231995246e-12
7	14	4.311989916691873	423	5.00792228711377e-12
7	16	4.311989916691873	423	3.4939088225227707e-12
7	18	4.311989916691873	423	2.437617470924849e-12
7	20	4.311989916691873	423	1.7006680014814073e-12
7	22	4.311989916691873	423	1.1865158031401108e-12
7	24	4.311989916691873	423	8.278039863600109e-13
8	0	4.927988476219284	387	4.5990553786523166e-10
8	2	4.927988476219284	387	3.208652059975363e-10
8	4	4.927988476219284	387	2.238600580843857e-10
8	6	4.927988476219284	387	1.561818628783618e-10
8	8	4.927988476219284	387	1.0896438829190502e-10
8	10	4.927988476219284	387	7.602187409607357e-11
8	12	4.927988476219284	387	5.303866182038308e-11
8	14	4.927988476219284	387	3.700381871856874e-11
8	16	4.927988476219284	387	2.5816688294169487e-11
8	18	4.927988476219284	387	1.8011692240397164e-11
8	20	4.927988476219284	387	1.2566331268602394e-11
8	22	4.927988476219284	387	8.767231831670034e-12
8	24	4.927988476219284	387	6.116690094132543e-12
9	0	5.543987035746694	322	1.7019792781268697e-08
9	2	5.543987035746694	322	1.1874306498125798e-08
9	4	5.543987035746694	322	8.28442253225378e-09
9	6	5.543987035746694	322	5.779845475922883e-09
9	8	5.543987035746694	322	4.032461356900148e-09
9	10	5.543987035746694	322	2.8133528245055e-09
9	12	5.543987035746694	322	1.962809662542555e-09
9	14	5.543987035746694	322	1.36940583413941e-09
9	16	5.543987035746694	322	9.554020312626194e-10
9	18	5.543987035746694	322	6.665613790921048e-10
9	20	5.543987035746694	322	4.650440940658195e-10
9	22	5.543987035746694	322	3.2445025500887187e-10
9	24	5.543987035746694	322	2.2636126190739876e-10
10	0	6.1599855952741045	253	7.865924655039342e-07
10	2	6.1599855952741045	253	5.48786941447939e-07
10	4	6.1599855952741045	253	3.828756571051562e-07
10	6	6.1599855952741045	253	2.6712328179115716e-07
10	8	6.1599855952741045	253	1.8636558984809132e-07
10	10	6.1599855952741045	253	1.30022860031277e-07
10	12	6.1599855952741045	253	9.071387129186922e-08
10	14	6.1599855952741045	253	6.32889204465917e-08
10	16	6.1599855952741045	253	4.415518149817986e-08
10	18	6.1599855952741045	253	3.0806024804649694e-08
10	20	6.1599855952741045	253	2.1492634206561053e-08
10	22	6.1599855952741045	253	1.499490207082208e-08
10	24	6.1599855952741045	253	1.0461588186566042e-08
11	0	0.49279884762192877	44	0.08677432947392923
11	2	0.49279884762192877	44	0.06054039538464812
11	4	0.49279884762192877	44	0.042237600630848915
11	6	0.49279884762192877	44	0.029468174030186128
11	8	0.49279884762192877	44	0.02055924739340203
11	10	0.49279884762192877	44	0.014343700188214152
11	12	0.49279884762192877	44	0.010007260049577603
11	14	0.49279884762192877	44	0.006981828425426707
11	16	0.49279884762192877	44	0.004871056405109997
11	18	0.49279884762192877	44	0.003398420736801907
11	20	0.49279884762192877	44	0.002370997694095561
11	22	0.49279884762192877	44	0.001654188960339477
11	24	0.49279884762192877	44	0.0011540884764769045
12	0	1.1087974071493394	11	0.5427474811642219
12	2	1.1087974071493394	11	0.3786620686429604
12	4	1.1087974071493394	11	0.26418356087327727
12	6	1.1087974071493394	11	0.18431461615843062
12	8	1.1087974071493394	11	0.1285919442426062
12	10	1.1087974071493394	11	0.08971555522151237
12	12	1.1087974071493394	11	0.06259241895836744
12	14	1.1087974071493394	11	0.04366924889877255
12	16	1.1087974071493394	11	0.030467001133977056
12	18	1.1087974071493394	11	0.02125610541755505
12	20	1.1087974071493394	11	0.01482988153429835
12	22	1.1087974071493394	11	0.010346457264917897
12	24	1.1087974071493394	11	0.0072184782924388435
13	0	1.7247959666767496	39	0.11455884399268773
13	2	1.7247959666767496	39	0.07992499339576278
13	4	1.7247959666767496	39	0.055761775753607204
13	6	1.7247959666767496	39	0.038903670842973366
13	8	1.7247959666767496	39	0.027142170144402355
13	10	1.7247959666767496	39	0.01893644954794146
13	12	1.7247959666767496	39	0.013211512549437233
13	14	1.7247959666767496	39	0.00921735953733269
13	16	1.7247959666767496	39	0.006430733538082051
13	18	1.7247959666767496	39	0.004486570548790848
13	20	1.7247959666767496	39	0.0031301740571388894
13	22	1.7247959666767496	39	0.0021838483361475134
13	24	1.7247959666767496	39	0.0015236192838597306
14	0	2.3407945262041605	6	0.7165313105737893
14	2	2.3407945262041605	6	0.4999069322759822
14	4	2.3407945262041605	6	0.34877323188774706
14	6	2.3407945262041605	6	0.24333082705536307
14	8	2.3407945262041605	6	0.1697661574398112
14	10	2.3407945262041605	6	0.11844182901380372
14	12	2.3407945262041605	6	0.08263406011948381
14	14	2.3407945262041605	6	0.05765182747249417
14	16	2.3407945262041605	6	0.04022231518229068
14	18	2.3407945262041605	6	0.028062157082451616
14	20	2.3407945262041605	6	0.019578302654913008
14	22	2.3407945262041605	6	0.01365931826698642
14	24	2.3407945262041605	6	0.009529782985146003
15	0	2.9567930857315705	29	0.19966564006790186
15	2	2.9567930857315705	29	0.13930199020519463
15	4	2.9567930857315705	29	0.09718770074074294
15	6	2.9567930857315705	29	0.06780555799209234
15	8	2.9567930857315705	29	0.047306332587119235
15	10	2.9567930857315705	29	0.03300450831927564
15	12	2.9567930857315705	29	0.023026464107973005
15	14	2.9567930857315705	29	0.016065018881257068
15	16	2.9567930857315705	29	0.011208183351337178
15	18	2.9567930857315705	29	0.00781968418249142
15	20	2.9567930857315705	29	0.005455608531476369
15	22	2.9567930857315705	29	0.003806248916722205
15	24	2.9567930857315705	29	0.0026555297603305886
16	0	3.572791645258981	2083	5.526847167425286e-51
16	2	3.572791645258981	2083	3.855950426525358e-51
16	4	3.572791645258981	2083	2.6902053270902375e-51
16	6	3.572791645258981	2083	1.876892568981033e-51
16	8	3.572791645258981	2083	1.3094635119567064e-51
16	10	3.572791645258981	2083	9.135816921460247e-52
16	12	3.572791645258981	2083	6.373843185421941e-52
16	14	3.572791645258981	2083	4.4468794965580576e-52
16	16	3.572791645258981	2083	3.1024825496392223e-52
16	18	3.572791645258981	2083	2.164528626931778e-52
16	20	3.572791645258981	2083	1.5101403801133364e-52
16	22	3.572791645258981	2083	1.0535891922489827e-52
16	24	3.572791645258981	2083	7.350642368364152e-53
17	0	4.188790204786391	677	4.631290105526921e-17
17	2	4.188790204786391	677	3.23114146579314e-17
17	4	4.188790204786391	677	2.254290906870324e-17
17	6	4.188790204786391	677	1.57276539780062e-17
17	8	4.188790204786391	677	1.0972811845091806e-17
17	10	4.188790204786391	677	7.655471054752343e-18
17	12	4.188790204786391	677	5.341040919822735e-18
17	14	4.188790204786391	677	3.7263178063369655e-18
17	16	4.188790204786391	677	2.5997637168982384e-18
17	18	4.188790204786391	677	1.8137935986583314e-18
17	20	4.188790204786391	677	1.265440854163099e-18
17	22	4.188790204786391	677	8.828681259926981e-19
17	24	4.188790204786391	677	6.159561905478015e-19
18	0	4.804788764313802	183	3.843021085526093e-05
18	2	4.804788764313802	183	2.6811848319633498e-05
18	4	4.804788764313802	183	1.870599183081565e-05
18	6	4.804788764313802	183	1.305072765603818e-05
18	8	4.804788764313802	183	9.105183723618318e-06
18	10	4.804788764313802	183	6.352471128495779e-06
18	12	4.804788764313802	183	4.4319687184012305e-06
18	14	4.804788764313802	183	3.0920796527159066e-06
18	16	4.804788764313802	183	2.1572707720258234e-06
18	18	4.804788764313802	183	1.5050767465673934e-06
18	20	4.804788764313802	183	1.0500564150000795e-06
18	22	4.804788764313802	183	7.325995017845732e-07
18	24	4.804788764313802	183	5.111173288865286e-07
19	0	5.420787323841212	31	0.17866866494966513
19	2	5.420787323841212	31	0.12465289774609836
19	4	5.420787323841212	31	0.08696737573360583
19	6	5.420787323841212	31	0.060675079189861036
19	8	5.420787323841212	31	0.04233156633325113
19	10	5.420787323841212	31	0.029533731676214797
19	12	5.420787323841212	31	0.02060498541102917
19	14	5.420787323841212	31	0.014375610520314023
19	16	5.420787323841212	31	0.010029523132840753
19	18	5.420787323841212	31	0.006997360851564755
19	20	5.420787323841212	31	0.00488189301111296
19	22	5.420787323841212	31	0.0034059811802651324
19	24	5.420787323841212	31	0.002376272436514451
20	0	6.036785883368623	0	1.0
20	2	6.036785883368623	0	0.697676326071031
20	4	6.036785883368623	0	0.4867522559599717
20	6	6.036785883368623	0	0.3395955256449391
20	8	6.036785883368623	0	0.23692775868212176
20	10	6.036785883368623	0	0.16529888822158656
20	12	6.036785883368623	0	0.11532512103806251
20	14	6.036785883368623	0	0.08045960674953243
20	16	6.036785883368623	0	0.056134762834133725
20	18	6.036785883368623	0	0.03916389509898708
20	20	6.036785883368623	0	0.02732372244729257
20	22	6.036785883368623	0	0.019063114291611637
20	24	6.036785883368623	0	0.013299883542443767
21	0	0.36959913571644715	0	1.0
21	2	0.36959913571644715	0	0.697676326071031
21	4	0.36959913571644715	0	0.4867522559599717
21	6	0.36959913571644715	0	0.3395955256449391
21	8	0.36959913571644715	0	0.23692775868212176
21	10	0.36959913571644715	0	0.16529888822158656
21	12	0.36959913571644715	0	0.11532512103806251
21	14	0.36959913571644715	0	0.08045960674953243
21	16	0.36959913571644715	0	0.056134762834133725
21	18	0.36959913571644715	0	0.03916389509898708
21	20	0.36959913571644715	0	0.02732372244729257
21	22	0.36959913571644715	0	0.019063114291611637
21	24	0.36959913571644715	0	0.013299883542443767
22	0	0.9855976952438575	3	0.8464817248906141
22	2	0.9855976952438575	3	0.5905702599079529
22	4	0.9855976952438575	3	0.41202688921939457
22	6	0.9855976952438575	3	0.28746140631306283
22	8	0.9855976952438575	3	0.2005550178437096
22	10	0.9855976952438575	3	0.1399224880243094
22	12	0.9855976952438575	3	0.09762060737951801
22	14	0.9855976952438575	3	0.06810758670536471
22	16	0.9855976952438575	3	0.04751705087016306
22	18	0.9855976952438575	3	0.03315152147682565
22	20	0.9855976952438575	3	0.023129031707616605
22	22	0.9855976952438575	3	0.016136577867350337
22	24	0.9855976952438575	3	0.011258108361852091
23	0	1.601596254771268	2	0.8948393168143698
23	2	1.601596254771268	2	0.624308206978961
23	4	1.601596254771268	2	0.43556505618107433
23	6	1.601596254771268	2	0.3038834281613341
23	8	1.601596254771268	2	0.2120122737134697
23	10	1.601596254771268	2	0.1479159442063794
23	12	1.601596254771268	2	0.10319745252123437
23	14	1.601596254771268	2	0.07199841953490445
23	16	1.601596254771268	2	0.050231592824032896
23	18	1.601596254771268	2	0.03504539313416724
23	20	1.601596254771268	2	0.024450341127560744
23	22	1.601596254771268	2	0.017058424169060005
23	24	1.601596254771268	2	0.01190125870283106
24	0	2.2175948142986788	85	0.008895389037043955
24	2	2.2175948142986788	85	0.006206102342337353
24	4	2.2175948142986788	85	0.004329850681422745
24	6	2.2175948142986788	85	0.0030208343158511708
24	8	2.2175948142986788	85	0.0021075645871523416
24	10	2.2175948142986788	85	0.0014703979181218553
24	12	2.2175948142986788	85	0.0010258618173777485
24	14	2.2175948142986788	85	0.0007157195038046586
24	16	2.2175948142986788	85	0.0004993405539118155
24	18	2.2175948142986788	85	0.00034837808311146914
24	20	2.2175948142986788	85	0.00024305514110887813
24	22	2.2175948142986788	85	0.00016957381788151808
24	24	2.2175948142986788	85	0.0001183076382574156
25	0	2.8335933738260892	313	2.806089438138619e-08
25	2	2.8335933738260892	313	1.9577421698272755e-08
25	4	2.8335933738260892	313	1.3658703644394223e-08
25	6	2.8335933738260892	313	9.529354177513963e-09
25	8	2.8335933738260892	313	6.648404812397574e-09
25	10	2.8335933738260892	313	4.6384346437465025e-09
25	12	2.8335933738260892	313	3.2361260409696507e-09
25	14	2.8335933738260892	313	2.257768526966497e-09
25	16	2.8335933738260892	313	1.5751916510127895e-09
25	18	2.8335933738260892	313	1.0989739239363648e-09
25	20	2.8335933738260892	313	7.667280896997878e-10
25	22	2.8335933738260892	313	5.349280367172078e-10
25	24	2.8335933738260892	313	3.73206627369251e-10
26	0	3.4495919333534992	0	1.0
26	2	3.4495919333534992	0	0.697676326071031
26	4	3.4495919333534992	0	0.4867522559599717
26	6	3.4495919333534992	0	0.3395955256449391
26	8	3.4495919333534992	0	0.23692775868212176
26	10	3.4495919333534992	0	0.16529888822158656
26	12	3.4495919333534992	0	0.11532512103806251
26	14	3.4495919333534992	0	0.08045960674953243
26	16	3.4495919333534992	0	0.056134762834133725
26	18	3.4495919333534992	0	0.03916389509898708
26	20	3.4495919333534992	0	0.02732372244729257
26	22	3.4495919333534992	0	0.019063114291611637
26	24	3.4495919333534992	0	0.013299883542443767
27	0	4.06559049288091	1886	3.1303239573540776e-46
27	2	4.06559049288091	1886	2.183952917978924e-46
27	4	4.06559049288091	1886	1.5236922481276434e-46
27	6	4.06559049288091	1886	1.063044009736604e-46
27	8	4.06559049288091	1886	7.416606391648513e-47
27	10	4.06559049288091	1886	5.174390699240261e-47
27	12	4.06559049288091	1886	3.6100498927020584e-47
27	14	4.06559049288091	1886	2.518646346073492e-47
27	16	4.06559049288091	1886	1.7571999294007808e-47
27	18	4.06559049288091	1886	1.225956790916612e-47
27	20	4.06559049288091	1886	8.553210298085331e-48
27	22	4.06559049288091	1886	5.967372336881081e-48
27	24	4.06559049288091	1886	4.163294408293094e-48
28	0	4.681589052408321	285	1.3294460046825147e-07
28	2	4.681589052408321	285	9.275230042567076e-08
28	4	4.681589052408321	285	6.47110841956185e-08
28	6	4.681589052408321	285	4.5147391477672276e-08
28	8	4.681589052408321	285	3.149826621783298e-08
28	10	4.681589052408321	285	2.1975594652464983e-08
28	12	4.681589052408321	285	1.5331852140357962e-08
28	14	4.681589052408321	285	1.0696670273149218e-08
28	16	4.681589052408321	285	7.46281361736396e-09
28	18	4.681589052408321	285	5.206628386715349e-09
28	20	4.681589052408321	285	3.6325413640607047e-09
28	22	4.681589052408321	285	2.5343381131789236e-09
28	24	4.681589052408321	285	1.7681477038244597e-09
29	0	5.297587611935731	284	1.4053942567105332e-07
29	2	5.297587611935731	284	9.805103017031323e-08
29	4	5.297587611935731	284	6.840788249670397e-08
29	6	5.297587611935731	284	4.77265601345992e-08
29	8	5.297587611935731	284	3.329769113071531e-08
29	10	5.297587611935731	284	2.3231010814725415e-08
29	12	5.297587611935731	284	1.6207726276134015e-08
29	14	5.297587611935731	284	1.1307746922298093e-08
29	16	5.297587611935731	284	7.889147328889942e-09
29	18	5.297587611935731	284	5.5040713242530245e-09
29	20	5.297587611935731	284	3.840060259937765e-09
29	22	5.297587611935731	284	2.679119134044748e-09
29	24	5.297587611935731	284	1.8691579945469412e-09
30	0	5.913586171463141	117	0.0015034391929775724
30	2	5.913586171463141	117	0.0010489139326277884
30	4	5.913586171463141	117	0.0007318024188804726
30	6	5.913586171463141	117	0.0005105612230144217
30	8	5.913586171463141	117	0.00035620647830703414
30	10	5.913586171463141	117	0.00024851682710795206
30	12	5.913586171463141	117	0.00017338430690350557
30	14	5.913586171463141	117	0.00012096612623880986
30	16	5.913586171463141	117	8.439520253333743e-05
30	18	5.913586171463141	117	5.888053484147944e-05
30	20	5.913586171463141	117	4.107955522530072e-05
30	22	5.913586171463141	117	2.8660233166219825e-05
30	24	5.913586171463141	117	1.9995566179747353e-05
31	0	0.24639942381096552	85	0.008895389037043955
31	2	0.24639942381096552	85	0.006206102342337353
31	4	0.24639942381096552	85	0.004329850681422745
31	6	0.24639942381096552	85	0.0030208343158511708
31	8	0.24639942381096552	85	0.0021075645871523416
31	10	0.24639942381096552	85	0.0014703979181218553
31	12	0.24639942381096552	85	0.0010258618173777485
31	14	0.24639942381096552	85	0.0007157195038046586
31	16	0.24639942381096552	85	0.0004993405539118155
31	18	0.24639942381096552	85	0.00034837808311146914
31	20	0.24639942381096552	85	0.00024305514110887813
31	22	0.24639942381096552	85	0.00016957381788151808
31	24	0.24639942381096552	85	0.0001183076382574156
32	0	0.8623979833383759	6	0.7165313105737893
32	2	0.8623979833383759	6	0.4999069322759822
32	4	0.8623979833383759	6	0.34877323188774706
32	6	0.8623979833383759	6	0.24333082705536307
32	8	0.8623979833383759	6	0.1697661574398112
32	10	0.8623979833383759	6	0.11844182901380372
32	12	0.8623979833383759	6	0.08263406011948381
32	14	0.8623979833383759	6	0.05765182747249417
32	16	0.8623979833383759	6	0.04022231518229068
32	18	0.8623979833383759	6	0.028062157082451616
32	20	0.8623979833383759	6	0.019578302654913008
32	22	0.8623979833383759	6	0.01365931826698642
32	24	0.8623979833383759	6	0.009529782985146003
33	0	1.4783965428657864	0	1.0
33	2	1.4783965428657864	0	0.697676326071031
33	4	1.4783965428657864	0	0.4867522559599717
33	6	1.4783965428657864	0	0.3395955256449391
33	8	1.4783965428657864	0	0.23692775868212176
33	10	1.4783965428657864	0	0.16529888822158656
33	12	1.4783965428657864	0	0.11532512103806251
33	14	1.4783965428657864	0	0.08045960674953243
33	16	1.4783965428657864	0	0.056134762834133725
33	18	1.4783965428657864	0	0.03916389509898708
33	20	1.4783965428657864	0	0.02732372244729257
33	22	1.4783965428657864	0	0.019063114291611637
33	24	1.4783965428657864	0	0.013299883542443767
34	0	2.094395102393197	26	0.2358770829857
34	2	2.094395102393197	26	0.1645658566618149
34	4	2.094395102393197	26	0.11481370227254693
34	6	2.094395102393197	26	0.08010280198412371
34	8	2.094395102393197	26	0.05588582859627874
34	10	2.094395102393197	26	0.038990219574487124
34	12	2.094395102393197	26	0.02720255314543097
34	14	2.094395102393197	26	0.01897857733825625
34	16	2.094395102393197	26	0.01324090411140955
34	18	2.094395102393197	26	0.009237865334307026
34	20	2.094395102393197	26	0.006445039947178263
34	22	2.094395102393197	26	0.004496551791728362
34	24	2.094395102393197	26	0.003137137734041154
35	0	2.7103936619206075	5	0.7574651283969664
35	2	2.7103936619206075	5	0.5284654879069174
35	4	2.7103936619206075	5	0.368697860058233
35	6	2.7103936619206075	5	0.25723176843567913
35	8	2.7103936619206075	5	0.17946451515095885
35	10	2.7103936619206075	5	0.12520814359063986
35	12	2.7103936619206075	5	0.08735475761449171
35	14	2.7103936619206075	5	0.060945346357304
35	16	2.7103936619206075	5	0.04252012533769036
35	18	2.7103936619206075	5	0.02966528482967957
35	20	2.7103936619206075	5	0.020696766931821542
35	22	2.7103936619206075	5	0.014439644314541655
35	24	2.7103936619206075	5	0.010074197995141868
36	0	3.3263922214480175	1124	7.598403499642365e-28
36	2	3.3263922214480175	1124	5.30122623763575e-28
36	4	3.3263922214480175	1124	3.6985400451450653e-28
36	6	3.3263922214480175	1124	2.5803838305233937e-28
36	8	3.3263922214480175	1124	1.8002727107326559e-28
36	10	3.3263922214480175	1124	1.2560076507498955e-28
36	12	3.3263922214480175	1124	8.762868032922936e-29
36	14	3.3263922214480175	1124	6.113645575054956e-29
36	16	3.3263922214480175	1124	4.265345783704759e-29
36	18	3.3263922214480175	1124	2.975830775797699e-29
36	20	3.3263922214480175	1124	2.076166682667645e-29
36	22	3.3263922214480175	1124	1.4484923434746426e-29
36	24	3.3263922214480175	1124	1.0105788165374062e-29
37	0	3.942390780975428	39	0.11455884399268773
37	2	3.942390780975428	39	0.07992499339576278
37	4	3.942390780975428	39	0.055761775753607204
37	6	3.942390780975428	39	0.038903670842973366
37	8	3.942390780975428	39	0.027142170144402355
37	10	3.942390780975428	39	0.01893644954794146
37	12	3.942390780975428	39	0.013211512549437233
37	14	3.942390780975428	39	0.00921735953733269
37	16	3.942390780975428	39	0.006430733538082051
37	18	3.942390780975428	39	0.004486570548790848
37	20	3.942390780975428	39	0.0031301740571388894
37	22	3.942390780975428	39	0.0021838483361475134
37	24	3.942390780975428	39	0.0015236192838597306
38	0	4.558389340502839	920	6.349309251852837e-23
38	2	4.558389340502839	920	4.429762751921494e-23
38	4	4.558389340502839	920	3.0905406021268886e-23
38	6	4.558389340502839	920	2.1561970128652392e-23
38	8	4.558389340502839	920	1.5043276102211522e-23
38	10	4.558389340502839	920	1.0495337603063075e-23
38	12	4.558389340502839	920	7.322348579780186e-24
38	14	4.558389340502839	920	5.108629255352472e-24
38	16	4.558389340502839	920	3.5641696901333e-24
38	18	4.558389340502839	920	2.4866368149059266e-24
38	20	4.558389340502839	920	1.7348676372965376e-24
38	22	4.558389340502839	920	1.210376079408578e-24
38	24	4.558389340502839	920	8.444507362460349e-25
39	0	5.17438790003025	595	4.4071174635190905e-15
39	2	5.17438790003025	595	3.07474152051148e-15
39	4	5.17438790003025	595	2.1451743676485055e-15
39	6	5.17438790003025	595	1.4966373716027564e-15
39	8	5.17438790003025	595	1.0441684628804156e-15
39	10	5.17438790003025	595	7.284916169816443e-16
39	12	5.17438790003025	595	5.082513549092981e-16
39	14	5.17438790003025	595	3.5459493801374286e-16
39	16	5.17438790003025	595	2.4739249359681313e-16
39	18	5.17438790003025	595	1.7259988603017568e-16
39	20	5.17438790003025	595	1.2041885436581167e-16
39	22	5.17438790003025	595	8.4013383903622e-17
39	24	5.17438790003025	595	5.861414902267407e-17
40	0	5.790386459557659	79	0.012414515466073124
40	2	5.790386459557659	79	0.00866131354032189
40	4	5.790386459557659	79	0.006042793409761053
40	6	5.790386459557659	79	0.004215913905328329
40	8	5.790386459557659	79	0.0029413433245012413
40	10	5.790386459557659	79	0.002052105604351579
40	12	5.790386459557659	79	0.0014317054987537821
40	14	5.790386459557659	79	0.0009988670323862318
40	16	5.790386459557659	79	0.0006968858813886999
40	18	5.790386459557659	79	0.0004862007814180405
40	20	5.790386459557659	79	0.000339210774912603
40	22	5.790386459557659	79	0.00023665932720473226
40	24	5.790386459557659	79	0.00016511160993463956
41	0	0.12319971190548384	80	0.01174362845702136
41	2	0.12319971190548384	80	0.008193251556637873
41	4	0.12319971190548384	80	0.005716237644610869
41	6	0.12319971190548384	80	0.0039880836788410345
41	8	0.12319971190548384	80	0.002782391569117655
41	10	0.12319971190548384	80	0.001941208727633017
41	12	0.12319971190548384	80	0.0013543353732320238
41	14	0.12319971190548384	80	0.000944887727464557
41	16	0.12319971190548384	80	0.0006592257982470779
41	18	0.12319971190548384	80	0.0004599262329722641
41	20	0.12319971190548384	80	0.00032087964448377834
41	22	0.12319971190548384	80	0.00022387013147442101
41	24	0.12319971190548384	80	0.0001561888908441127
42	0	0.7391982714328943	103	0.0032724307479503043
42	2	0.7391982714328943	103	0.0022830974615518445
42	4	0.7391982714328943	103	0.0015928630490375881
42	6	0.7391982714328943	103	0.0011113028399868448
42	8	0.7391982714328943	103	0.000775329682554325
42	10	0.7391982714328943	103	0.0005409291644183202
42	12	0.7391982714328943	103	0.0003773934720960463
42	14	0.7391982714328943	103	0.00026329849109515974
42	16	0.7391982714328943	103	0.00018369712392731717
42	18	0.7391982714328943	103	0.00012816113453142556
42	20	0.7391982714328943	103	8.941498948498014e-05
42	22	0.7391982714328943	103	6.23827213595608e-05
42	24	0.7391982714328943	103	4.35229478484512e-05
43	0	1.3551968309603046	105	0.0029282996948181888
43	2	1.3551968309603046	105	0.0020430053727156752
43	4	1.3551968309603046	105	0.0014253564825796499
43	6	1.3551968309603046	105	0.0009944374741076977
43	8	1.3551968309603046	105	0.0006937954834428146
43	10	1.3551968309603046	105	0.0004840446839330578
43	12	1.3551968309603046	105	0.00033770651674062914
43	14	1.3551968309603046	105	0.0002356098418898473
43	16	1.3551968309603046	105	0.0001643794088758852
43	18	1.3551968309603046	105	0.00011468362206625543
43	20	1.3551968309603046	105	8.001204810370372e-05
43	22	1.3551968309603046	105	5.582251176241061e-05
43	24	1.3551968309603046	105	3.8946044918455534e-05
44	0	1.971195390487715	18	0.36787944117144233
44	2	1.971195390487715	18	0.2566607769535559
44	4	1.971195390487715	18	0.17906614791149325
44	6	1.971195390487715	18	0.12493021219858241
44	8	1.971195390487715	18	0.0871608514619813
44	10	1.971195390487715	18	0.06081006262521797
44	12	1.971195390487715	18	0.042425741080511385
44	14	1.971195390487715	18	0.029599435167892
44	16	1.971195390487715	18	0.020650825181712566
44	18	1.971195390487715	18	0.014407591843112357
44	20	1.971195390487715	18	0.010051835744633584
44	22	1.971195390487715	18	0.007012927832585425
44	24	1.971195390487715	18	0.004892753725239476
45	0	2.5871939500151258	108	0.0024787521766663585
45	2	2.5871939500151258	108	0.0017293667118571563
45	4	2.5871939500151258	108	0.0012065382139580404
45	6	2.5871939500151258	108	0.000841773148378549
45	8	2.5871939500151258	108	0.0005872851975459911
45	10	2.5871939500151258	108	0.00040973497897978675
45	12	2.5871939500151258	108	0.0002858623947974087
45	14	2.5871939500151258	108	0.00019943942536412274
45	16	2.5871939500151258	108	0.00013914416556175878
45	18	2.5871939500151258	108	9.707759022334716e-05
45	20	2.5871939500151258	108	6.77287364908539e-05
45	22	2.5871939500151258	108	4.725273604437191e-05
45	24	2.5871939500151258	108	3.296711528024157e-05
46	0	3.203192509542536	29	0.19966564006790186
46	2	3.203192509542536	29	0.13930199020519463
46	4	3.203192509542536	29	0.09718770074074294
46	6	3.203192509542536	29	0.06780555799209234
46	8	3.203192509542536	29	0.047306332587119235
46	10	3.203192509542536	29	0.03300450831927564
46	12	3.203192509542536	29	0.023026464107973005
46	14	3.203192509542536	29	0.016065018881257068
46	16	3.203192509542536	29	0.011208183351337178
46	18	3.203192509542536	29	0.00781968418249142
46	20	3.203192509542536	29	0.005455608531476369
46	22	3.203192509542536	29	0.003806248916722205
46	24	3.203192509542536	29	0.0026555297603305886
47	0	3.819191069069946	17	0.3888955639892229
47	2	3.819191069069946	17	0.2713232283093226
47	4	3.819191069069946	17	0.18929579310457978
47	6	3.819191069069946	17	0.13206719347390522
47	8	3.819191069069946	17	0.09214015433738625
47	10	3.819191069069946	17	0.06428400436172542
47	12	3.819191069069946	17	0.044849427988222716
47	14	3.819191069069946	17	0.0312903841452105
47	16	3.819191069069946	17	0.021830560251781705
47	18	3.819191069069946	17	0.015230665072535343
47	20	3.819191069069946	17	0.010626074451424834
47	22	3.819191069069946	17	0.007413560583827323
47	24	3.819191069069946	17	0.005172265711229653
48	0	4.4351896285973575	771	2.498732075833535e-19
48	2	4.4351896285973575	771	1.7433062145033817e-19
48	4	4.4351896285973575	771	1.216263474951516e-19
48	6	4.4351896285973575	771	8.485582327385592e-20
48	8	4.4351896285973575	771	5.920189902743649e-20
48	10	4.4351896285973575	771	4.1303763409890046e-20
48	12	4.4351896285973575	771	2.8816657908719164e-20
48	14	4.4351896285973575	771	2.0104700019400905e-20
48	16	4.4351896285973575	771	1.4026573246295812e-20
48	18	4.4351896285973575	771	9.786008089841879e-21
48	20	4.4351896285973575	771	6.827466171022272e-21
48	22	4.4351896285973575	771	4.7633615145730676e-21
48	24	4.4351896285973575	771	3.3232845612354784e-21
49	0	5.051188188124768	182	4.0625642132082334e-05
49	2	5.051188188124768	182	2.8343548746987692e-05
49	4	5.051188188124768	182	1.977462295761355e-05
49	6	5.051188188124768	182	1.3796286294507684e-05
49	8	5.051188188124768	182	9.625342335376242e-06
49	10	5.051188188124768	182	6.715373477721256e-06
49	12	5.051188188124768	182	4.685157096131408e-06
49	14	5.051188188124768	182	3.2687231898945806e-06
49	16	5.051188188124768	182	2.2805107860688324e-06
49	18	5.051188188124768	182	1.5910583867898624e-06
49	20	5.051188188124768	182	1.110043769860053e-06
49	22	5.051188188124768	182	7.744512591339986e-07
49	24	5.051188188124768	30	0.002512023521748434
50	0	5.6671867476521784	143	0.00035462685128592465
50	2	5.6671867476521784	143	0.0002474147587313018
50	4	5.6671867476521784	143	0.0001726154198874052
50	6	5.6671867476521784	143	0.00012042969197025323
50	8	5.6671867476521784	143	8.402094504367224e-05
50	10	5.6671867476521784	143	5.861942425108526e-05
50	12	5.6671867476521784	143	4.089738454789626e-05
50	14	5.6671867476521784	143	2.8533136997290414e-05
50	16	5.6671867476521784	143	1.990689419155099e-05
50	18	5.6671867476521784	143	1.3888568803046044e-05
50	20	5.6671867476521784	143	9.689725656893903e-06
50	22	5.6671867476521784	143	6.7602921969379445e-06
50	24	5.6671867476521784	36	0.0017999435062305911
51	0	2.1884665085544357e-15	76	0.014666017116527099
51	2	2.1884665085544357e-15	76	0.010232132939953483
51	4	2.1884665085544357e-15	76	0.007138716917417124
51	6	2.1884665085544357e-15	76	0.0049805137918046945
51	8	2.1884665085544357e-15	76	0.0034747865642123996
51	10	2.1884665085544357e-15	76	0.002424276324000688
51	12	2.1884665085544357e-15	76	0.0016913601991097843
51	14	2.1884665085544357e-15	76	0.0011800219697776818
51	16	2.1884665085544357e-15	76	0.0008232733925575944
51	18	2.1884665085544357e-15	76	0.0005743783558716163
51	20	2.1884665085544357e-15	76	0.0004007301810992285
51	22	2.1884665085544357e-15	49	0.0012529904532363864
51	24	2.1884665085544357e-15	36	0.0017999435062305911
52	0	0.6159985595274127	0	1.0
52	2	0.6159985595274127	0	0.697676326071031
52	4	0.6159985595274127	0	0.4867522559599717
52	6	0.6159985595274127	0	0.3395955256449391
52	8	0.6159985595274127	0	0.23692775868212176
52	10	0.6159985595274127	0	0.16529888822158656
52	12	0.6159985595274127	0	0.11532512103806251
52	14	0.6159985595274127	0	0.08045960674953243
52	16	0.6159985595274127	0	0.056134762834133725
52	18	0.6159985595274127	0	0.03916389509898708
52	20	0.6159985595274127	0	0.02732372244729257
52	22	0.6159985595274127	44	0.001654188960339477
52	24	0.6159985595274127	31	0.002376272436514451
53	0	1.2319971190548231	0	1.0
53	2	1.2319971190548231	0	0.697676326071031
53	4	1.2319971190548231	0	0.4867522559599717
53	6	1.2319971190548231	0	0.3395955256449391
53	8	1.2319971190548231	0	0.23692775868212176
53	10	1.2319971190548231	0	0.16529888822158656
53	12	1.2319971190548231	0	0.11532512103806251
53	14	1.2319971190548231	0	0.08045960674953243
53	16	1.2319971190548231	0	0.056134762834133725
53	18	1.2319971190548231	0	0.03916389509898708
53	20	1.2319971190548231	45	0.0022428677194858034
53	22	1.2319971190548231	33	0.0030478058724310525
53	24	1.2319971190548231	23	0.0037060903287032556
54	0	1.8479956785822333	3	0.8464817248906141
54	2	1.8479956785822333	3	0.5905702599079529
54	4	1.8479956785822333	3	0.41202688921939457
54	6	1.8479956785822333	3	0.28746140631306283
54	8	1.8479956785822333	3	0.2005550178437096
54	10	1.8479956785822333	3	0.1399224880243094
54	12	1.8479956785822333	3	0.09762060737951801
54	14	1.8479956785822333	3	0.06810758670536471
54	16	1.8479956785822333	3	0.04751705087016306
54	18	1.8479956785822333	3	0.03315152147682565
54	20	1.8479956785822333	31	0.00488189301111296
54	22	1.8479956785822333	22	0.005615513619507451
54	24	1.8479956785822333	15	0.005780105560898834
55	0	2.463994238109644	6	0.7165313105737893
55	2	2.463994238109644	6	0.4999069322759822
55	4	2.463994238109644	6	0.34877323188774706
55	6	2.463994238109644	6	0.24333082705536307
55	8	2.463994238109644	6	0.1697661574398112
55	10	2.463994238109644	6	0.11844182901380372
55	12	2.463994238109644	6	0.08263406011948381
55	14	2.463994238109644	6	0.05765182747249417
55	16	2.463994238109644	6	0.04022231518229068
55	18	2.463994238109644	27	0.008738646185473292
55	20	2.463994238109644	20	0.008994777830458179
55	22	2.463994238109644	13	0.009258416750388203
55	24	2.463994238109644	8	0.008527624495817255
56	0	3.0799927976370545	2	0.8948393168143698
56	2	3.0799927976370545	2	0.624308206978961
56	4	3.0799927976370545	2	0.43556505618107433
56	6	3.0799927976370545	2	0.3038834281613341
56	8	3.0799927976370545	2	0.2120122737134697
56	10	3.0799927976370545	2	0.1479159442063794
56	12	3.0799927976370545	2	0.10319745252123437
56	14	3.0799927976370545	2	0.07199841953490445
56	16	3.0799927976370545	2	0.050231592824032896
56	18	3.0799927976370545	20	0.012892479641830946
56	20	3.0799927976370545	14	0.012553223701076333
56	22	3.0799927976370545	9	0.011562363287468536
56	24	3.0799927976370545	6	0.009529782985146003
57	0	3.695991357164465	2223	2.315429088295851e-54
57	2	3.695991357164465	2223	1.6154200596002462e-54
57	4	3.695991357164465	2223	1.1270403322433459e-54
57	6	3.695991357164465	2223	7.863093583334116e-55
57	8	3.695991357164465	2223	5.4858942427732465e-55
57	10	3.695991357164465	2223	3.82737854051226e-55
57	12	3.695991357164465	2223	2.6702713986276978e-55
57	14	3.695991357164465	2223	1.8629851390071256e-55
57	16	3.695991357164465	31	0.010029523132840753
57	18	3.695991357164465	22	0.011536697674739173
57	20	3.695991357164465	15	0.011874840825337988
57	22	3.695991357164465	9	0.011562363287468536
57	24	3.695991357164465	6	0.009529782985146003
58	0	4.311989916691876	577	1.1979787316968463e-14
58	2	4.311989916691876	577	8.35801400241489e-15
58	4	4.311989916691876	577	5.831188502455055e-15
58	6	4.311989916691876	577	4.06828217102048e-15
58	8	4.311989916691876	577	2.838344158497847e-15
58	10	4.311989916691876	577	1.9802455246259504e-15
58	12	4.311989916691876	577	1.3815704223396342e-15
58	14	4.311989916691876	577	9.638889764663186e-16
58	16	4.311989916691876	43	0.005149328872133837
58	18	4.311989916691876	29	0.00781968418249142
58	20	4.311989916691876	19	0.009508629202531626
58	22	4.311989916691876	12	0.009787329219388278
58	24	4.311989916691876	7	0.009014788451425443
59	0	4.927988476219286	213	7.258529242462012e-06
59	2	4.927988476219286	213	5.06410401456004e-06
59	4	4.927988476219286	213	3.5331054837198084e-06
59	6	4.927988476219286	213	2.4649640535030487e-06
59	8	4.927988476219286	213	1.7197470647451635e-06
59	10	4.927988476219286	213	1.1998268139028453e-06
59	12	4.927988476219286	213	8.370907634452477e-07
59	14	4.927988476219286	78	0.0010559300532618082
59	16	4.927988476219286	56	0.0025008837461568297
59	18	4.927988476219286	37	0.005013828141529422
59	20	4.927988476219286	23	0.007613915052934095
59	22	4.927988476219286	14	0.008758086992114725
59	24	4.927988476219286	8	0.008527624495817255
60	0	5.543987035746697	28	0.21107208779109018
60	2	5.543987035746697	28	0.14725999874622991
60	4	5.543987035746697	28	0.10273981490249434
60	6	5.543987035746697	28	0.07167913660239
60	8	5.543987035746697	28	0.05000883668069903
60	10	5.543987035746697	28	0.03488998144647632
60	12	5.543987035746697	28	0.024341914072264034
60	14	5.543987035746697	92	0.0004851215348441061
60	16	5.543987035746697	62	0.0017919615082264404
60	18	5.543987035746697	40	0.0042441138935469256
60	20	5.543987035746697	25	0.006813230544250192
60	22	5.543987035746697	15	0.008284795319700096
60	24	5.543987035746697	9	0.008066787139099614
61	0	6.159985595274106	7	0.6778095780054503
61	2	6.159985595274106	7	0.47289169615859844
61	4	6.159985595274106	7	0.3299253412054293
61	6	6.159985595274106	7	0.23018109992993524
61	8	6.159985595274106	7	0.1605919041301061
61	10	6.159985595274106	7	0.11204116967024368
61	12	6.159985595274106	131	7.965722807404106e-05
61	14	6.159985595274106	92	0.0004851215348441061
61	16	6.159985595274106	60	0.0020025511558944774
61	18	6.159985595274106	37	0.005013828141529422
61	20	6.159985595274106	23	0.007613915052934095
61	22	6.159985595274106	14	0.008758086992114725
61	24	6.159985595274106	8	0.008527624495817255
62	0	0.49279884762193105	0	1.0
62	2	0.49279884762193105	0	0.697676326071031
62	4	0.49279884762193105	0	0.4867522559599717
62	6	0.49279884762193105	0	0.3395955256449391
62	8	0.49279884762193105	0	0.23692775868212176
62	10	0.49279884762193105	0	0.16529888822158656
62	12	0.49279884762193105	118	0.00016401452687520777
62	14	0.49279884762193105	78	0.0010559300532618082
62	16	0.49279884762193105	49	0.00368965536532551
62	18	0.49279884762193105	30	0.007397104296288218
62	20	0.49279884762193105	18	0.010051835744633584
62	22	0.49279884762193105	11	0.010346457264917897
62	24	0.49279884762193105	6	0.009529782985146003
63	0	1.1087974071493414	0	1.0
63	2	1.1087974071493414	0	0.697676326071031
63	4	1.1087974071493414	0	0.4867522559599717
63	6	1.1087974071493414	0	0.3395955256449391
63	8	1.1087974071493414	0	0.23692775868212176
63	10	1.1087974071493414	129	0.00012759279340488549
63	12	1.1087974071493414	89	0.000821445927398575
63	14	1.1087974071493414	56	0.0035845902357624386
63	16	1.1087974071493414	35	0.008031014305884954
63	18	1.1087974071493414	21	0.012195763194877689
63	20	1.1087974071493414	12	0.014028466860135116
63	22	1.1087974071493414	7	0.012921161453466952
63	24	1.1087974071493414	4	0.01064971420687242
64	0	1.7247959666767518	21	0.3114032239145977
64	2	1.7247959666767518	21	0.21725865718741114
64	4	1.7247959666767518	21	0.15157622175363863
64	6	1.7247959666767518	21	0.10575114151280647
64	8	1.7247959666767518	21	0.07378006788847252
64	10	1.7247959666767518	88	0.0012446649660073556
64	12	1.7247959666767518	57	0.004860243853716467
64	14	1.7247959666767518	35	0.011511089033379796
64	16	1.7247959666767518	21	0.017480546120230582
64	18	1.7247959666767518	13	0.019020798849979186
64	20	1.7247959666767518	7	0.018520280781537425
64	22	1.7247959666767518	4	0.01526454862937139
64	24	1.7247959666767518	2	0.01190125870283106
65	0	2.3407945262041623	235	2.1381800053821426e-06
65	2	2.3407945262041623	235	1.4917575706335507e-06
65	4	2.3407945262041623	235	1.0407639412682623e-06
65	6	2.3407945262041623	235	7.261163628512474e-07
65	8	2.3407945262041623	79	0.0029413433245012413
65	10	2.3407945262041623	53	0.008699893937877753
65	12	2.3407945262041623	33	0.0184381510681754
65	14	2.3407945262041623	20	0.026486738343727705
65	16	2.3407945262041623	12	0.028820548211878756
65	18	2.3407945262041623	7	0.026545663210094154
65	20	2.3407945262041623	4	0.021879126550464742
65	22	2.3407945262041623	2	0.017058424169060005
65	24	2.3407945262041623	1	0.012581150772331936
66	0	2.9567930857315727	1390	2.9027859248024458e-34
66	2	2.9567930857315727	1390	2.0252050193868706e-34
66	4	2.9567930857315727	1390	1.4129375974664433e-34
66	6	2.9567930857315727	1390	9.857731119680174e-35
66	8	2.9567930857315727	54	0.011795938519751567
66	10	2.9567930857315727	34	0.024999764131738874
66	12	2.9567930857315727	20	0.037964221163828145
66	14	2.9567930857315727	12	0.04130933949584023
66	16	2.9567930857315727	7	0.038048679908040214
66	18	2.9567930857315727	4	0.03135999564966922
66	20	2.9567930857315727	2	0.024450341127560744
66	22	2.9567930857315727	1	0.018032933471001912
66	24	2.9567930857315727	0	0.013299883542443767
67	0	3.572791645258983	1726	2.2697847809878452e-42
67	2	3.572791645258983	1726	1.5835751069715396e-42
67	4	3.572791645258983	1726	1.104822862689444e-42
67	6	3.572791645258983	78	0.004456759558843061
67	8	3.572791645258983	50	0.014731344479205122
67	10	3.572791645258983	30	0.03122092716123091
67	12	3.572791645258983	18	0.042425741080511385
67	14	3.572791645258983	11	0.04366924889877255
67	16	3.572791645258983	6	0.04022231518229068
67	18	3.572791645258983	3	0.03315152147682565
67	20	3.572791645258983	2	0.024450341127560744
67	22	3.572791645258983	1	0.018032933471001912
67	24	3.572791645258983	0	0.013299883542443767
68	0	4.188790204786394	1183	2.865507506460569e-29
68	2	4.188790204786394	1183	1.9991967494363708e-29
68	4	4.188790204786394	1183	1.394792243239915e-29
68	6	4.188790204786394	98	0.0014671339951169897
68	8	4.188790204786394	60	0.008452159287005432
68	10	4.188790204786394	36	0.0223707718561656
68	12	4.188790204786394	21	0.03591261448959386
68	14	4.188790204786394	12	0.04130933949584023
68	16	4.188790204786394	7	0.038048679908040214
68	18	4.188790204786394	4	0.03135999564966922
68	20	4.188790204786394	2	0.024450341127560744
68	22	4.188790204786394	1	0.018032933471001912
68	24	4.188790204786394	0	0.013299883542443767
69	0	4.8047887643138045	87	0.00795994384870645
69	2	4.8047887643138045	87	0.005553464380097219
69	4	4.8047887643138045	192	1.1345757565723747e-05
69	6	4.8047887643138045	119	0.00045687025599413443
69	8	4.8047887643138045	71	0.004587388163420984
69	10	4.8047887643138045	42	0.016029358476645574
69	12	4.8047887643138045	25	0.02875657365834992
69	14	4.8047887643138045	15	0.03496760095053081
69	16	4.8047887643138045	8	0.035992509038413244
69	18	4.8047887643138045	5	0.02966528482967957
69	20	4.8047887643138045	3	0.023129031707616605
69	22	4.8047887643138045	1	0.018032933471001912
69	24	4.8047887643138045	1	0.012581150772331936
70	0	5.420787323841215	500	8.635040753377376e-13
70	2	5.420787323841215	500	6.024463508289956e-13
70	4	5.420787323841215	210	4.173870952945116e-06
70	6	5.420787323841215	126	0.0003096710354186262
70	8	5.420787323841215	74	0.003883140245315383
70	10	5.420787323841215	44	0.014343700188214152
70	12	5.420787323841215	26	0.02720255314543097
70	14	5.420787323841215	15	0.03496760095053081
70	16	5.420787323841215	9	0.034047454734599344
70	18	5.420787323841215	5	0.02966528482967957
70	20	5.420787323841215	3	0.023129031707616605
70	22	5.420787323841215	1	0.018032933471001912
70	24	5.420787323841215	1	0.012581150772331936
71	0	6.036785883368625	500	8.635040753377376e-13
71	2	6.036785883368625	325	1.0051383446413342e-08
71	4	6.036785883368625	193	1.0732626801216953e-05
71	6	6.036785883368625	114	0.0006031568172135066
71	8	6.036785883368625	68	0.005419358774713993
71	10	6.036785883368625	40	0.01791311375735046
71	12	6.036785883368625	23	0.03213601941488601
71	14	6.036785883368625	14	0.03696522113251054
71	16	6.036785883368625	8	0.035992509038413244
71	18	6.036785883368625	4	0.03135999564966922
71	20	6.036785883368625	2	0.024450341127560744
71	22	6.036785883368625	1	0.018032933471001912
71	24	6.036785883368625	1	0.012581150772331936
72	0	0.3695991357164493	500	8.635040753377376e-13
72	2	0.3695991357164493	259	3.932230263814728e-07
72	4	0.3695991357164493	153	9.903868763242704e-05
72	6	0.3695991357164493	90	0.0022881766529221693
72	8	0.3695991357164493	53	0.012469813884715372
72	10	0.3695991357164493	31	0.029533731676214797
72	12	0.3695991357164493	18	0.042425741080511385
72	14	0.3695991357164493	11	0.04366924889877255
72	16	0.3695991357164493	6	0.04022231518229068
72	18	0.3695991357164493	3	0.03315152147682565
72	20	0.3695991357164493	2	0.024450341127560744
72	22	0.3695991357164493	1	0.018032933471001912
72	24	0.3695991357164493	0	0.013299883542443767
73	0	0.9855976952438598	297	6.82560337633487e-08
73	2	0.9855976952438598	178	3.5396808796169596e-05
73	4	0.9855976952438598	105	0.0014253564825796499
73	6	0.9855976952438598	62	0.010840735394567681
73	8	0.9855976952438598	37	0.03033189270340574
73	10	0.9855976952438598	21	0.05147460670170077
73	12	0.9855976952438598	12	0.05920989139544702
73	14	0.9855976952438598	7	0.05453629209738505
73	16	0.9855976952438598	4	0.0449492042051552
73	18	0.9855976952438598	2	0.03504539313416724
73	20	0.9855976952438598	1	0.025847133974796745
73	22	0.9855976952438598	0	0.019063114291611637
73	24	0.9855976952438598	0	0.013299883542443767
74	0	1.60159625477127	176	5.669765093663497e-05
74	2	1.60159625477127	106	0.0019326002773477873
74	4	1.60159625477127	63	0.01469864450490178
74	6	1.60159625477127	37	0.043475594011079595
74	8	1.60159625477127	22	0.06979295383568457
74	10	1.60159625477127	13	0.08028100614203999
74	12	1.60159625477127	7	0.07816847162423662
74	14	1.60159625477127	4	0.06442701654832828
74	16	1.60159625477127	2	0.050231592824032896
74	18	1.60159625477127	1	0.03704745740815809
74	20	1.60159625477127	0	0.02732372244729257
74	22	1.60159625477127	0	0.019063114291611637
74	24	1.60159625477127	0	0.013299883542443767
75	0	2.217594814298681	95	0.005103759888794229
75	2	2.217594814298681	57	0.02940276190606443
75	4	2.217594814298681	34	0.07361629422019281
75	6	2.217594814298681	20	0.11179246573325373
75	8	2.217594814298681	12	0.12164276728142415
75	10	2.217594814298681	7	0.11204116967024368
75	12	2.217594814298681	4	0.09234513791108472
75	14	2.217594814298681	2	0.07199841953490445
75	16	2.217594814298681	1	0.053101210437784374
75	18	2.217594814298681	0	0.03916389509898708
75	20	2.217594814298681	0	0.02732372244729257
75	22	2.217594814298681	0	0.019063114291611637
75	24	2.217594814298681	0	0.013299883542443767
76	0	2.833593373826091	53	0.0526312913019437
76	2	2.833593373826091	32	0.11791658894958858
76	4	2.833593373826091	19	0.16938931817753644
76	6	2.833593373826091	11	0.18431461615843062
76	8	2.833593373826091	6	0.1697661574398112
76	10	2.833593373826091	4	0.13236100245958898
76	12	2.833593373826091	2	0.10319745252123437
76	14	2.833593373826091	1	0.07611152686923489
76	16	2.833593373826091	0	0.056134762834133725
76	18	2.833593373826091	0	0.03916389509898708
76	20	2.833593373826091	0	0.02732372244729257
76	22	2.833593373826091	0	0.019063114291611637
76	24	2.833593373826091	0	0.013299883542443767
77	0	3.4495919333535014	42	0.09697196786440505
77	2	3.4495919333535014	25	0.17396713291744073
77	4	3.4495919333535014	15	0.21154165842698247
77	6	3.4495919333535014	9	0.20597509820488344
77	8	3.4495919333535014	5	0.17946451515095885
77	10	3.4495919333535014	3	0.1399224880243094
77	12	3.4495919333535014	1	0.10909289024877405
77	14	3.4495919333535014	1	0.07611152686923489
77	16	3.4495919333535014	0	0.056134762834133725
77	18	3.4495919333535014	0	0.03916389509898708
77	20	3.4495919333535014	0	0.02732372244729257
77	22	3.4495919333535014	0	0.019063114291611637
77	24	3.4495919333535014	0	0.013299883542443767
78	0	4.065590492880912	46	0.0776490817034759
78	2	4.065590492880912	28	0.14725999874622991
78	4	4.065590492880912	16	0.20010983485724473
78	6	4.065590492880912	10	0.1948440945059104
78	8	4.065590492880912	6	0.1697661574398112
78	10	4.065590492880912	3	0.1399224880243094
78	12	4.065590492880912	2	0.10319745252123437
78	14	4.065590492880912	1	0.07611152686923489
78	16	4.065590492880912	0	0.056134762834133725
78	18	4.065590492880912	0	0.03916389509898708
78	20	4.065590492880912	0	0.02732372244729257
78	22	4.065590492880912	0	0.019063114291611637
78	24	4.065590492880912	0	0.013299883542443767
79	0	4.681589052408323	52	0.05563799827784281
79	2	4.681589052408323	32	0.11791658894958858
79	4	4.681589052408323	19	0.16938931817753644
79	6	4.681589052408323	11	0.18431461615843062
79	8	4.681589052408323	6	0.1697661574398112
79	10	4.681589052408323	4	0.13236100245958898
79	12	4.681589052408323	2	0.10319745252123437
79	14	4.681589052408323	1	0.07611152686923489
79	16	4.681589052408323	0	0.056134762834133725
79	18	4.681589052408323	0	0.03916389509898708
79	20	4.681589052408323	0	0.02732372244729257
79	22	4.681589052408323	0	0.019063114291611637
79	24	4.681589052408323	0	0.013299883542443767
80	0	5.297587611935733	54	0.049787068367863944
80	2	5.297587611935733	33	0.11154431385805016
80	4	5.297587611935733	20	0.1602354294617015
80	6	5.297587611935733	12	0.17435415641298335
80	8	5.297587611935733	7	0.1605919041301061
80	10	5.297587611935733	4	0.13236100245958898
80	12	5.297587611935733	2	0.10319745252123437
80	14	5.297587611935733	1	0.07611152686923489
80	16	5.297587611935733	0	0.056134762834133725
80	18	5.297587611935733	0	0.03916389509898708
80	20	5.297587611935733	0	0.02732372244729257
80	22	5.297587611935733	0	0.019063114291611637
80	24	5.297587611935733	0	0.013299883542443767
81	0	5.913586171463144	49	0.06572852861653047
81	2	5.913586171463144	30	0.13177403667216134
81	4	5.913586171463144	18	0.17906614791149325
81	6	5.913586171463144	10	0.1948440945059104
81	8	5.913586171463144	6	0.1697661574398112
81	10	5.913586171463144	3	0.1399224880243094
81	12	5.913586171463144	2	0.10319745252123437
81	14	5.913586171463144	1	0.07611152686923489
81	16	5.913586171463144	0	0.056134762834133725
81	18	5.913586171463144	0	0.03916389509898708
81	20	5.913586171463144	0	0.02732372244729257
81	22	5.913586171463144	0	0.019063114291611637
81	24	5.913586171463144	0	0.013299883542443767
82	0	0.2463994238109677	39	0.11455884399268773
82	2	0.2463994238109677	23	0.19441158836959035
82	4	0.2463994238109677	14	0.22362655629575623
82	6	0.2463994238109677	8	0.21774199104209668
82	8	0.2463994238109677	5	0.17946451515095885
82	10	0.2463994238109677	3	0.1399224880243094
82	12	0.2463994238109677	1	0.10909289024877405
82	14	0.2463994238109677	1	0.07611152686923489
82	16	0.2463994238109677	0	0.056134762834133725
82	18	0.2463994238109677	0	0.03916389509898708
82	20	0.2463994238109677	0	0.02732372244729257
82	22	0.2463994238109677	0	0.019063114291611637
82	24	0.2463994238109677	0	0.013299883542443767
83	0	0.8623979833383781	27	0.22313016014842982
83	2	0.8623979833383781	16	0.28682331244370096
83	4	0.8623979833383781	10	0.2792757719086962
83	6	0.8623979833383781	6	0.24333082705536307
83	8	0.8623979833383781	3	0.2005550178437096
83	10	0.8623979833383781	2	0.1479159442063794
83	12	0.8623979833383781	1	0.10909289024877405
83	14	0.8623979833383781	0	0.08045960674953243
83	16	0.8623979833383781	0	0.056134762834133725
83	18	0.8623979833383781	0	0.03916389509898708
83	20	0.8623979833383781	0	0.02732372244729257
83	22	0.8623979833383781	0	0.019063114291611637
83	24	0.8623979833383781	0	0.013299883542443767
84	0	1.4783965428657886	16	0.41111229050718745
84	2	1.4783965428657886	10	0.4002941786507786
84	4	1.4783965428657886	6	0.34877323188774706
84	6	1.4783965428657886	3	0.28746140631306283
84	8	1.4783965428657886	2	0.2120122737134697
84	10	1.4783965428657886	1	0.1563660485129708
84	12	1.4783965428657886	0	0.11532512103806251
84	14	1.4783965428657886	0	0.08045960674953243
84	16	1.4783965428657886	0	0.056134762834133725
84	18	1.4783965428657886	0	0.03916389509898708
84	20	1.4783965428657886	0	0.02732372244729257
84	22	1.4783965428657886	0	0.019063114291611637
84	24	1.4783965428657886	0	0.013299883542443767
85	0	2.0943951023931993	9	0.6065306597126334
85	2	2.0943951023931993	5	0.5284654879069174
85	4	2.0943951023931993	3	0.41202688921939457
85	6	2.0943951023931993	2	0.3038834281613341
85	8	2.0943951023931993	1	0.22412405677221017
85	10	2.0943951023931993	0	0.16529888822158656
85	12	2.0943951023931993	0	0.11532512103806251
85	14	2.0943951023931993	0	0.08045960674953243
85	16	2.0943951023931993	0	0.056134762834133725
85	18	2.0943951023931993	0	0.03916389509898708
85	20	2.0943951023931993	0	0.02732372244729257
85	22	2.0943951023931993	0	0.019063114291611637
85	24	2.0943951023931993	0	0.013299883542443767
86	0	2.7103936619206093	4	0.8007374029168081
86	2	2.7103936619206093	3	0.5905702599079529
86	4	2.7103936619206093	1	0.46044790553706477
86	6	2.7103936619206093	1	0.32124360308220046
86	8	2.7103936619206093	0	0.23692775868212176
86	10	2.7103936619206093	0	0.16529888822158656
86	12	2.7103936619206093	0	0.11532512103806251
86	14	2.7103936619206093	0	0.08045960674953243
86	16	2.7103936619206093	0	0.056134762834133725
86	18	2.7103936619206093	0	0.03916389509898708
86	20	2.7103936619206093	0	0.02732372244729257
86	22	2.7103936619206093	0	0.019063114291611637
86	24	2.7103936619206093	0	0.013299883542443767
87	0	3.3263922214480197	3	0.8464817248906141
87	2	3.3263922214480197	2	0.624308206978961
87	4	3.3263922214480197	1	0.46044790553706477
87	6	3.3263922214480197	0	0.3395955256449391
87	8	3.3263922214480197	0	0.23692775868212176
87	10	3.3263922214480197	0	0.16529888822158656
87	12	3.3263922214480197	0	0.11532512103806251
87	14	3.3263922214480197	0	0.08045960674953243
87	16	3.3263922214480197	0	0.056134762834133725
87	18	3.3263922214480197	0	0.03916389509898708
87	20	3.3263922214480197	0	0.02732372244729257
87	22	3.3263922214480197	0	0.019063114291611637
87	24	3.3263922214480197	0	0.013299883542443767
88	0	3.94239078097543	3	0.8464817248906141
88	2	3.94239078097543	2	0.624308206978961
88	4	3.94239078097543	1	0.46044790553706477
88	6	3.94239078097543	0	0.3395955256449391
88	8	3.94239078097543	0	0.23692775868212176
88	10	3.94239078097543	0	0.16529888822158656
88	12	3.94239078097543	0	0.11532512103806251
88	14	3.94239078097543	0	0.08045960674953243
88	16	3.94239078097543	0	0.056134762834133725
88	18	3.94239078097543	0	0.03916389509898708
88	20	3.94239078097543	0	0.02732372244729257
88	22	3.94239078097543	0	0.019063114291611637
88	24	3.94239078097543	0	0.013299883542443767
89	0	4.558389340502841	4	0.8007374029168081
89	2	4.558389340502841	2	0.624308206978961
89	4	4.558389340502841	1	0.46044790553706477
89	6	4.558389340502841	0	0.3395955256449391
89	8	4.558389340502841	0	0.23692775868212176
89	10	4.558389340502841	0	0.16529888822158656
89	12	4.558389340502841	0	0.11532512103806251
89	14	4.558389340502841	0	0.08045960674953243
89	16	4.558389340502841	0	0.056134762834133725
89	18	4.558389340502841	0	0.03916389509898708
89	20	4.558389340502841	0	0.02732372244729257
89	22	4.558389340502841	0	0.019063114291611637
89	24	4.558389340502841	0	0.013299883542443767
90	0	5.1743879000302515	4	0.8007374029168081
90	2	5.1743879000302515	2	0.624308206978961
90	4	5.1743879000302515	1	0.46044790553706477
90	6	5.1743879000302515	1	0.32124360308220046
90	8	5.1743879000302515	0	0.23692775868212176
90	10	5.1743879000302515	0	0.16529888822158656
90	12	5.1743879000302515	0	0.11532512103806251
90	14	5.1743879000302515	0	0.08045960674953243
90	16	5.1743879000302515	0	0.056134762834133725
90	18	5.1743879000302515	0	0.03916389509898708
90	20	5.1743879000302515	0	0.02732372244729257
90	22	5.1743879000302515	0	0.019063114291611637
90	24	5.1743879000302515	0	0.013299883542443767
91	0	5.790386459557662	4	0.8007374029168081
91	2	5.790386459557662	2	0.624308206978961
91	4	5.790386459557662	1	0.46044790553706477
91	6	5.790386459557662	0	0.3395955256449391
91	8	5.790386459557662	0	0.23692775868212176
91	10	5.790386459557662	0	0.16529888822158656
91	12	5.790386459557662	0	0.11532512103806251
91	14	5.790386459557662	0	0.08045960674953243
91	16	5.790386459557662	0	0.056134762834133725
91	18	5.790386459557662	0	0.03916389509898708
91	20	5.790386459557662	0	0.02732372244729257
91	22	5.790386459557662	0	0.019063114291611637
91	24	5.790386459557662	0	0.013299883542443767
92	0	0.12319971190548602	3	0.8464817248906141
92	2	0.12319971190548602	2	0.624308206978961
92	4	0.12319971190548602	1	0.46044790553706477
92	6	0.12319971190548602	0	0.3395955256449391
92	8	0.12319971190548602	0	0.23692775868212176
92	10	0.12319971190548602	0	0.16529888822158656
92	12	0.12319971190548602	0	0.11532512103806251
92	14	0.12319971190548602	0	0.08045960674953243
92	16	0.12319971190548602	0	0.056134762834133725
92	18	0.12319971190548602	0	0.03916389509898708
92	20	0.12319971190548602	0	0.02732372244729257
92	22	0.12319971190548602	0	0.019063114291611637
92	24	0.12319971190548602	0	0.013299883542443767
93	0	0.7391982714328965	2	0.8948393168143698
93	2	0.7391982714328965	1	0.6599735268789758
93	4	0.7391982714328965	0	0.4867522559599717
93	6	0.7391982714328965	0	0.3395955256449391
93	8	0.7391982714328965	0	0.23692775868212176
93	10	0.7391982714328965	0	0.16529888822158656
93	12	0.7391982714328965	0	0.11532512103806251
93	14	0.7391982714328965	0	0.08045960674953243
93	16	0.7391982714328965	0	0.056134762834133725
93	18	0.7391982714328965	0	0.03916389509898708
93	20	0.7391982714328965	0	0.02732372244729257
93	22	0.7391982714328965	0	0.019063114291611637
93	24	0.7391982714328965	0	0.013299883542443767
94	0	1.355196830960307	1	0.9459594689067654
94	2	1.355196830960307	0	0.697676326071031
94	4	1.355196830960307	0	0.4867522559599717
94	6	1.355196830960307	0	0.3395955256449391
94	8	1.355196830960307	0	0.23692775868212176
94	10	1.355196830960307	0	0.16529888822158656
94	12	1.355196830960307	0	0.11532512103806251
94	14	1.355196830960307	0	0.08045960674953243
94	16	1.355196830960307	0	0.056134762834133725
94	18	1.355196830960307	0	0.03916389509898708
94	20	1.355196830960307	0	0.02732372244729257
94	22	1.355196830960307	0	0.019063114291611637
94	24	1.355196830960307	0	0.013299883542443767
95	0	1.9711953904877175	0	1.0
95	2	1.9711953904877175	0	0.697676326071031
95	4	1.9711953904877175	0	0.4867522559599717
95	6	1.9711953904877175	0	0.3395955256449391
95	8	1.9711953904877175	0	0.23692775868212176
95	10	1.9711953904877175	0	0.16529888822158656
95	12	1.9711953904877175	0	0.11532512103806251
95	14	1.9711953904877175	0	0.08045960674953243
95	16	1.9711953904877175	0	0.056134762834133725
95	18	1.9711953904877175	0	0.03916389509898708
95	20	1.9711953904877175	0	0.02732372244729257
95	22	1.9711953904877175	0	0.019063114291611637
95	24	1.9711953904877175	0	0.013299883542443767
96	0	2.587193950015128	0	1.0
96	2	2.587193950015128	0	0.697676326071031
96	4	2.587193950015128	0	0.4867522559599717
96	6	2.587193950015128	0	0.3395955256449391
96	8	2.587193950015128	0	0.23692775868212176
96	10	2.587193950015128	0	0.16529888822158656
96	12	2.587193950015128	0	0.11532512103806251
96	14	2.587193950015128	0	0.08045960674953243
96	16	2.587193950015128	0	0.056134762834133725
96	18	2.587193950015128	0	0.03916389509898708
96	20	2.587193950015128	0	0.02732372244729257
96	22	2.587193950015128	0	0.019063114291611637
96	24	2.587193950015128	0	0.013299883542443767
97	0	3.203192509542538	0	1.0
97	2	3.203192509542538	0	0.697676326071031
97	4	3.203192509542538	0	0.4867522559599717
97	6	3.203192509542538	0	0.3395955256449391
97	8	3.203192509542538	0	0.23692775868212176
97	10	3.203192509542538	0	0.16529888822158656
97	12	3.203192509542538	0	0.11532512103806251
97	14	3.203192509542538	0	0.08045960674953243
97	16	3.203192509542538	0	0.056134762834133725
97	18	3.203192509542538	0	0.03916389509898708
97	20	3.203192509542538	0	0.02732372244729257
97	22	3.203192509542538	0	0.019063114291611637
97	24	3.203192509542538	0	0.013299883542443767
98	0	3.8191910690699484	0	1.0
98	2	3.8191910690699484	0	0.697676326071031
98	4	3.8191910690699484	0	0.4867522559599717
98	6	3.8191910690699484	0	0.3395955256449391
98	8	3.8191910690699484	0	0.23692775868212176
98	10	3.8191910690699484	0	0.16529888822158656
98	12	3.8191910690699484	0	0.11532512103806251
98	14	3.8191910690699484	0	0.08045960674953243
98	16	3.8191910690699484	0	0.056134762834133725
98	18	3.8191910690699484	0	0.03916389509898708
98	20	3.8191910690699484	0	0.02732372244729257
98	22	3.8191910690699484	0	0.019063114291611637
98	24	3.8191910690699484	0	0.013299883542443767
99	0	4.435189628597359	0	1.0
99	2	4.435189628597359	0	0.697676326071031
99	4	4.435189628597359	0	0.4867522559599717
99	6	4.435189628597359	0	0.3395955256449391
99	8	4.435189628597359	0	0.23692775868212176
99	10	4.435189628597359	0	0.16529888822158656
99	12	4.435189628597359	0	0.11532512103806251
99	14	4.435189628597359	0	0.08045960674953243
99	16	4.435189628597359	0	0.056134762834133725
99	18	4.435189628597359	0	0.03916389509898708
99	20	4.435189628597359	0	0.02732372244729257
99	22	4.435189628597359	0	0.019063114291611637
99	24	4.435189628597359	0	0.013299883542443767
100	0	5.05118818812477	0	1.0
100	2	5.05118818812477	0	0.697676326071031
100	4	5.05118818812477	0	0.4867522559599717
100	6	5.05118818812477	0	0.3395955256449391
100	8	5.05118818812477	0	0.23692775868212176
100	10	5.05118818812477	0	0.16529888822158656
100	12	5.05118818812477	0	0.11532512103806251
100	14	5.05118818812477	0	0.08045960674953243
100	16	5.05118818812477	0	0.056134762834133725
100	18	5.05118818812477	0	0.03916389509898708
100	20	5.05118818812477	0	0.02732372244729257
100	22	5.05118818812477	0	0.019063114291611637
100	24	5.05118818812477	0	0.013299883542443767
101	0	5.66718674765218	0	1.0
101	2	5.66718674765218	0	0.697676326071031
101	4	5.66718674765218	0	0.4867522559599717
101	6	5.66718674765218	0	0.3395955256449391
101	8	5.66718674765218	0	0.23692775868212176
101	10	5.66718674765218	0	0.16529888822158656
101	12	5.66718674765218	0	0.11532512103806251
101	14	5.66718674765218	0	0.08045960674953243
101	16	5.66718674765218	0	0.056134762834133725
101	18	5.66718674765218	0	0.03916389509898708
101	20	5.66718674765218	0	0.02732372244729257
101	22	5.66718674765218	0	0.019063114291611637
101	24	5.66718674765218	0	0.013299883542443767
102	0	4.3769330171088715e-15	0	1.0
102	2	4.3769330171088715e-15	0	0.697676326071031
102	4	4.3769330171088715e-15	0	0.4867522559599717
102	6	4.3769330171088715e-15	0	0.3395955256449391
102	8	4.3769330171088715e-15	0	0.23692775868212176
102	10	4.3769330171088715e-15	0	0.16529888822158656
102	12	4.3769330171088715e-15	0	0.11532512103806251
102	14	4.3769330171088715e-15	0	0.08045960674953243
102	16	4.3769330171088715e-15	0	0.056134762834133725
102	18	4.3769330171088715e-15	0	0.03916389509898708
102	20	4.3769330171088715e-15	0	0.02732372244729257
102	22	4.3769330171088715e-15	0	0.019063114291611637
102	24	4.3769330171088715e-15	0	0.013299883542443767
103	0	0.6159985595274149	0	1.0
103	2	0.6159985595274149	0	0.697676326071031
103	4	0.6159985595274149	0	0.4867522559599717
103	6	0.6159985595274149	0	0.3395955256449391
103	8	0.6159985595274149	0	0.23692775868212176
103	10	0.6159985595274149	0	0.16529888822158656
103	12	0.6159985595274149	0	0.11532512103806251
103	14	0.6159985595274149	0	0.08045960674953243
103	16	0.6159985595274149	0	0.056134762834133725
103	18	0.6159985595274149	0	0.03916389509898708
103	20	0.6159985595274149	0	0.02732372244729257
103	22	0.6159985595274149	0	0.019063114291611637
103	24	0.6159985595274149	0	0.013299883542443767
104	0	1.2319971190548253	0	1.0
104	2	1.2319971190548253	0	0.697676326071031
104	4	1.2319971190548253	0	0.4867522559599717
104	6	1.2319971190548253	0	0.3395955256449391
104	8	1.2319971190548253	0	0.23692775868212176
104	10	1.2319971190548253	0	0.16529888822158656
104	12	1.2319971190548253	0	0.11532512103806251
104	14	1.2319971190548253	0	0.08045960674953243
104	16	1.2319971190548253	0	0.056134762834133725
104	18	1.2319971190548253	0	0.03916389509898708
104	20	1.2319971190548253	0	0.02732372244729257
104	22	1.2319971190548253	0	0.019063114291611637
104	24	1.2319971190548253	0	0.013299883542443767
105	0	1.8479956785822358	0	1.0
105	2	1.8479956785822358	0	0.697676326071031
105	4	1.8479956785822358	0	0.4867522559599717
105	6	1.8479956785822358	0	0.3395955256449391
105	8	1.8479956785822358	0	0.23692775868212176
105	10	1.8479956785822358	0	0.16529888822158656
105	12	1.8479956785822358	0	0.11532512103806251
105	14	1.8479956785822358	0	0.08045960674953243
105	16	1.8479956785822358	0	0.056134762834133725
105	18	1.8479956785822358	0	0.03916389509898708
105	20	1.8479956785822358	0	0.02732372244729257
105	22	1.8479956785822358	0	0.019063114291611637
105	24	1.8479956785822358	0	0.013299883542443767
106	0	2.4639942381096462	0	1.0
106	2	2.4639942381096462	0	0.697676326071031
106	4	2.4639942381096462	0	0.4867522559599717
106	6	2.4639942381096462	0	0.3395955256449391
106	8	2.4639942381096462	0	0.23692775868212176
106	10	2.4639942381096462	0	0.16529888822158656
106	12	2.4639942381096462	0	0.11532512103806251
106	14	2.4639942381096462	0	0.08045960674953243
106	16	2.4639942381096462	0	0.056134762834133725
106	18	2.4639942381096462	0	0.03916389509898708
106	20	2.4639942381096462	0	0.02732372244729257
106	22	2.4639942381096462	0	0.019063114291611637
106	24	2.4639942381096462	0	0.013299883542443767
107	0	3.0799927976370567	0	1.0
107	2	3.0799927976370567	0	0.697676326071031
107	4	3.0799927976370567	0	0.4867522559599717
107	6	3.0799927976370567	0	0.3395955256449391
107	8	3.0799927976370567	0	0.23692775868212176
107	10	3.0799927976370567	0	0.16529888822158656
107	12	3.0799927976370567	0	0.11532512103806251
107	14	3.0799927976370567	0	0.08045960674953243
107	16	3.0799927976370567	0	0.056134762834133725
107	18	3.0799927976370567	0	0.03916389509898708
107	20	3.0799927976370567	0	0.02732372244729257
107	22	3.0799927976370567	0	0.019063114291611637
107	24	3.0799927976370567	0	0.013299883542443767
108	0	3.6959913571644667	0	1.0
108	2	3.6959913571644667	0	0.697676326071031
108	4	3.6959913571644667	0	0.4867522559599717
108	6	3.6959913571644667	0	0.3395955256449391
108	8	3.6959913571644667	0	0.23692775868212176
108	10	3.6959913571644667	0	0.16529888822158656
108	12	3.6959913571644667	0	0.11532512103806251
108	14	3.6959913571644667	0	0.08045960674953243
108	16	3.6959913571644667	0	0.056134762834133725
108	18	3.6959913571644667	0	0.03916389509898708
108	20	3.6959913571644667	0	0.02732372244729257
108	22	3.6959913571644667	0	0.019063114291611637
108	24	3.6959913571644667	0	0.013299883542443767
109	0	4.311989916691878	0	1.0
109	2	4.311989916691878	0	0.697676326071031
109	4	4.311989916691878	0	0.4867522559599717
109	6	4.311989916691878	0	0.3395955256449391
109	8	4.311989916691878	0	0.23692775868212176
109	10	4.311989916691878	0	0.16529888822158656
109	12	4.311989916691878	0	0.11532512103806251
109	14	4.311989916691878	0	0.08045960674953243
109	16	4.311989916691878	0	0.056134762834133725
109	18	4.311989916691878	0	0.03916389509898708
109	20	4.311989916691878	0	0.02732372244729257
109	22	4.311989916691878	0	0.019063114291611637
109	24	4.311989916691878	0	0.013299883542443767
110	0	4.927988476219288	0	1.0
110	2	4.927988476219288	0	0.697676326071031
110	4	4.927988476219288	0	0.4867522559599717
110	6	4.927988476219288	0	0.3395955256449391
110	8	4.927988476219288	0	0.23692775868212176
110	10	4.927988476219288	0	0.16529888822158656
110	12	4.927988476219288	0	0.11532512103806251
110	14	4.927988476219288	0	0.08045960674953243
110	16	4.927988476219288	0	0.056134762834133725
110	18	4.927988476219288	0	0.03916389509898708
110	20	4.927988476219288	0	0.02732372244729257
110	22	4.927988476219288	0	0.019063114291611637
110	24	4.927988476219288	0	0.013299883542443767
111	0	5.5439870357466985	0	1.0
111	2	5.5439870357466985	0	0.697676326071031
111	4	5.5439870357466985	0	0.4867522559599717
111	6	5.5439870357466985	0	0.3395955256449391
111	8	5.5439870357466985	0	0.23692775868212176
111	10	5.5439870357466985	0	0.16529888822158656
111	12	5.5439870357466985	0	0.11532512103806251
111	14	5.5439870357466985	0	0.08045960674953243
111	16	5.5439870357466985	0	0.056134762834133725
111	18	5.5439870357466985	0	0.03916389509898708
111	20	5.5439870357466985	0	0.02732372244729257
111	22	5.5439870357466985	0	0.019063114291611637
111	24	5.5439870357466985	0	0.013299883542443767
